START,2022/04/10,08:50:04,
ID,170800000,
INTERVAL,010,sec,
,MAIN,,,SUB-1,,,SUB-2,,,Remark,
No. ,Func. ,Value,Unit,Func. ,Value,Unit,Func. ,Value,Unit,
1,DCV,-00.0287,V,,,,,,,,
2,DCV,00.0137,V,,,,,,,,
3,DCV,00.0558,V,,,,,,,,
4,DCV,00.1009,V,,,,,,,,
5,DCV,00.1321,V,,,,,,,,
6,DCV,00.1671,V,,,,,,,,
7,DCV,00.2152,V,,,,,,,,
8,DCV,00.2623,V,,,,,,,,
9,DCV,00.3087,V,,,,,,,,
10,DCV,00.3549,V,,,,,,,,
11,DCV,00.4005,V,,,,,,,,
12,DCV,00.4454,V,,,,,,,,
13,DCV,00.4895,V,,,,,,,,
14,DCV,00.5327,V,,,,,,,,
15,DCV,00.5756,V,,,,,,,,
16,DCV,00.6181,V,,,,,,,,
17,DCV,00.6597,V,,,,,,,,
18,DCV,00.6998,V,,,,,,,,
19,DCV,00.7387,V,,,,,,,,
20,DCV,00.7773,V,,,,,,,,
21,DCV,00.8169,V,,,,,,,,
22,DCV,00.8552,V,,,,,,,,
23,DCV,00.8931,V,,,,,,,,
24,DCV,00.9311,V,,,,,,,,
25,DCV,00.9689,V,,,,,,,,
26,DCV,01.0061,V,,,,,,,,
27,DCV,01.0432,V,,,,,,,,
28,DCV,01.0793,V,,,,,,,,
29,DCV,01.1156,V,,,,,,,,
30,DCV,01.1515,V,,,,,,,,
31,DCV,01.1871,V,,,,,,,,
32,DCV,01.2224,V,,,,,,,,
33,DCV,01.2576,V,,,,,,,,
34,DCV,01.2921,V,,,,,,,,
35,DCV,01.3266,V,,,,,,,,
36,DCV,01.3605,V,,,,,,,,
37,DCV,01.3941,V,,,,,,,,
38,DCV,01.4267,V,,,,,,,,
39,DCV,01.4596,V,,,,,,,,
40,DCV,01.4905,V,,,,,,,,
41,DCV,01.5172,V,,,,,,,,
42,DCV,01.5426,V,,,,,,,,
43,DCV,01.5715,V,,,,,,,,
44,DCV,01.5993,V,,,,,,,,
45,DCV,01.6117,V,,,,,,,,
46,DCV,01.6211,V,,,,,,,,
47,DCV,01.6315,V,,,,,,,,
48,DCV,01.6478,V,,,,,,,,
49,DCV,01.6606,V,,,,,,,,
50,DCV,01.6699,V,,,,,,,,
51,DCV,01.6777,V,,,,,,,,
52,DCV,01.6862,V,,,,,,,,
53,DCV,01.6997,V,,,,,,,,
54,DCV,01.7141,V,,,,,,,,
55,DCV,01.7258,V,,,,,,,,
56,DCV,01.7330,V,,,,,,,,
57,DCV,01.7391,V,,,,,,,,
58,DCV,01.7451,V,,,,,,,,
59,DCV,01.7505,V,,,,,,,,
60,DCV,01.7560,V,,,,,,,,
61,DCV,01.7618,V,,,,,,,,
62,DCV,01.7689,V,,,,,,,,
63,DCV,01.7772,V,,,,,,,,
64,DCV,01.7903,V,,,,,,,,
65,DCV,01.8120,V,,,,,,,,
66,DCV,01.8286,V,,,,,,,,
67,DCV,01.8387,V,,,,,,,,
68,DCV,01.8452,V,,,,,,,,
69,DCV,01.8506,V,,,,,,,,
70,DCV,01.8559,V,,,,,,,,
71,DCV,01.8614,V,,,,,,,,
72,DCV,01.8684,V,,,,,,,,
73,DCV,01.8782,V,,,,,,,,
74,DCV,01.8907,V,,,,,,,,
75,DCV,01.9118,V,,,,,,,,
76,DCV,01.9333,V,,,,,,,,
77,DCV,01.9539,V,,,,,,,,
78,DCV,01.9625,V,,,,,,,,
79,DCV,01.9679,V,,,,,,,,
80,DCV,01.9736,V,,,,,,,,
81,DCV,01.9819,V,,,,,,,,
82,DCV,01.9909,V,,,,,,,,
83,DCV,01.9992,V,,,,,,,,
84,DCV,02.0128,V,,,,,,,,
85,DCV,02.0300,V,,,,,,,,
86,DCV,02.0412,V,,,,,,,,
87,DCV,02.0491,V,,,,,,,,
88,DCV,02.0604,V,,,,,,,,
89,DCV,02.0685,V,,,,,,,,
90,DCV,02.0760,V,,,,,,,,
91,DCV,02.0872,V,,,,,,,,
92,DCV,02.0914,V,,,,,,,,
93,DCV,02.0952,V,,,,,,,,
94,DCV,02.0988,V,,,,,,,,
95,DCV,02.1022,V,,,,,,,,
96,DCV,02.1059,V,,,,,,,,
97,DCV,02.1105,V,,,,,,,,
98,DCV,02.1267,V,,,,,,,,
99,DCV,02.1505,V,,,,,,,,
100,DCV,02.1747,V,,,,,,,,
101,DCV,02.1951,V,,,,,,,,
102,DCV,02.2108,V,,,,,,,,
103,DCV,02.2258,V,,,,,,,,
104,DCV,02.2405,V,,,,,,,,
105,DCV,02.2448,V,,,,,,,,
106,DCV,02.2462,V,,,,,,,,
107,DCV,02.2524,V,,,,,,,,
108,DCV,02.2578,V,,,,,,,,
109,DCV,02.2687,V,,,,,,,,
110,DCV,02.2887,V,,,,,,,,
111,DCV,02.3100,V,,,,,,,,
112,DCV,02.3293,V,,,,,,,,
113,DCV,02.3428,V,,,,,,,,
114,DCV,02.3575,V,,,,,,,,
115,DCV,02.3738,V,,,,,,,,
116,DCV,02.3890,V,,,,,,,,
117,DCV,02.4029,V,,,,,,,,
118,DCV,02.4156,V,,,,,,,,
119,DCV,02.4274,V,,,,,,,,
120,DCV,02.4380,V,,,,,,,,
121,DCV,02.4477,V,,,,,,,,
122,DCV,02.4568,V,,,,,,,,
123,DCV,02.4648,V,,,,,,,,
124,DCV,02.4723,V,,,,,,,,
125,DCV,02.4790,V,,,,,,,,
126,DCV,02.4851,V,,,,,,,,
127,DCV,02.4905,V,,,,,,,,
128,DCV,02.4955,V,,,,,,,,
129,DCV,02.5000,V,,,,,,,,
130,DCV,02.5040,V,,,,,,,,
131,DCV,02.5078,V,,,,,,,,
132,DCV,02.5112,V,,,,,,,,
133,DCV,02.5144,V,,,,,,,,
134,DCV,02.5173,V,,,,,,,,
135,DCV,02.5199,V,,,,,,,,
136,DCV,02.5223,V,,,,,,,,
137,DCV,02.5247,V,,,,,,,,
138,DCV,02.5267,V,,,,,,,,
139,DCV,02.5286,V,,,,,,,,
140,DCV,02.5305,V,,,,,,,,
141,DCV,02.5320,V,,,,,,,,
142,DCV,02.5337,V,,,,,,,,
143,DCV,02.5344,V,,,,,,,,
144,DCV,02.5333,V,,,,,,,,
145,DCV,02.5339,V,,,,,,,,
146,DCV,02.5350,V,,,,,,,,
147,DCV,02.5359,V,,,,,,,,
148,DCV,02.5368,V,,,,,,,,
149,DCV,02.5375,V,,,,,,,,
150,DCV,02.5381,V,,,,,,,,
151,DCV,02.5386,V,,,,,,,,
152,DCV,02.5390,V,,,,,,,,
153,DCV,02.5392,V,,,,,,,,
154,DCV,02.5396,V,,,,,,,,
155,DCV,02.5398,V,,,,,,,,
156,DCV,02.5399,V,,,,,,,,
157,DCV,02.5402,V,,,,,,,,
158,DCV,02.5402,V,,,,,,,,
159,DCV,02.5401,V,,,,,,,,
160,DCV,02.5394,V,,,,,,,,
161,DCV,02.5391,V,,,,,,,,
162,DCV,02.5393,V,,,,,,,,
163,DCV,02.5393,V,,,,,,,,
164,DCV,02.5393,V,,,,,,,,
165,DCV,02.5392,V,,,,,,,,
166,DCV,02.5390,V,,,,,,,,
167,DCV,02.5392,V,,,,,,,,
168,DCV,02.5392,V,,,,,,,,
169,DCV,02.5395,V,,,,,,,,
170,DCV,02.5392,V,,,,,,,,
171,DCV,02.5392,V,,,,,,,,
172,DCV,02.5390,V,,,,,,,,
173,DCV,02.5392,V,,,,,,,,
174,DCV,02.5393,V,,,,,,,,
175,DCV,02.5394,V,,,,,,,,
176,DCV,02.5392,V,,,,,,,,
177,DCV,02.5390,V,,,,,,,,
178,DCV,02.5389,V,,,,,,,,
179,DCV,02.5387,V,,,,,,,,
180,DCV,02.5385,V,,,,,,,,
181,DCV,02.5384,V,,,,,,,,
182,DCV,02.5383,V,,,,,,,,
183,DCV,02.5380,V,,,,,,,,
184,DCV,02.5378,V,,,,,,,,
185,DCV,02.5376,V,,,,,,,,
186,DCV,02.5374,V,,,,,,,,
187,DCV,02.5371,V,,,,,,,,
188,DCV,02.5366,V,,,,,,,,
189,DCV,02.5362,V,,,,,,,,
190,DCV,02.5357,V,,,,,,,,
191,DCV,02.5352,V,,,,,,,,
192,DCV,02.5348,V,,,,,,,,
193,DCV,02.5344,V,,,,,,,,
194,DCV,02.5340,V,,,,,,,,
195,DCV,02.5336,V,,,,,,,,
196,DCV,02.5334,V,,,,,,,,
197,DCV,02.5328,V,,,,,,,,
198,DCV,02.5325,V,,,,,,,,
199,DCV,02.5321,V,,,,,,,,
200,DCV,02.5318,V,,,,,,,,
201,DCV,02.5314,V,,,,,,,,
202,DCV,02.5312,V,,,,,,,,
203,DCV,02.5307,V,,,,,,,,
204,DCV,02.5303,V,,,,,,,,
205,DCV,02.5299,V,,,,,,,,
206,DCV,02.5294,V,,,,,,,,
207,DCV,02.5292,V,,,,,,,,
208,DCV,02.5288,V,,,,,,,,
209,DCV,02.5284,V,,,,,,,,
210,DCV,02.5280,V,,,,,,,,
211,DCV,02.5277,V,,,,,,,,
212,DCV,02.5274,V,,,,,,,,
213,DCV,02.5270,V,,,,,,,,
214,DCV,02.5267,V,,,,,,,,
215,DCV,02.5265,V,,,,,,,,
216,DCV,02.5261,V,,,,,,,,
217,DCV,02.5258,V,,,,,,,,
218,DCV,02.5255,V,,,,,,,,
219,DCV,02.5253,V,,,,,,,,
220,DCV,02.5250,V,,,,,,,,
221,DCV,02.5247,V,,,,,,,,
222,DCV,02.5243,V,,,,,,,,
223,DCV,02.5240,V,,,,,,,,
224,DCV,02.5237,V,,,,,,,,
225,DCV,02.5234,V,,,,,,,,
226,DCV,02.5231,V,,,,,,,,
227,DCV,02.5227,V,,,,,,,,
228,DCV,02.5223,V,,,,,,,,
229,DCV,02.5219,V,,,,,,,,
230,DCV,02.5214,V,,,,,,,,
231,DCV,02.5211,V,,,,,,,,
232,DCV,02.5206,V,,,,,,,,
233,DCV,02.5202,V,,,,,,,,
234,DCV,02.5200,V,,,,,,,,
235,DCV,02.5196,V,,,,,,,,
236,DCV,02.5193,V,,,,,,,,
237,DCV,02.5182,V,,,,,,,,
238,DCV,02.5163,V,,,,,,,,
239,DCV,02.5143,V,,,,,,,,
240,DCV,02.5127,V,,,,,,,,
241,DCV,02.5112,V,,,,,,,,
242,DCV,02.5098,V,,,,,,,,
243,DCV,02.5097,V,,,,,,,,
244,DCV,02.5089,V,,,,,,,,
245,DCV,02.5085,V,,,,,,,,
246,DCV,02.5075,V,,,,,,,,
247,DCV,02.5069,V,,,,,,,,
248,DCV,02.5069,V,,,,,,,,
249,DCV,02.5055,V,,,,,,,,
250,DCV,02.5058,V,,,,,,,,
251,DCV,02.5071,V,,,,,,,,
252,DCV,02.5069,V,,,,,,,,
253,DCV,02.5057,V,,,,,,,,
254,DCV,02.5038,V,,,,,,,,
255,DCV,02.5022,V,,,,,,,,
256,DCV,02.5006,V,,,,,,,,
257,DCV,02.4990,V,,,,,,,,
258,DCV,02.4977,V,,,,,,,,
259,DCV,02.4969,V,,,,,,,,
260,DCV,02.4971,V,,,,,,,,
261,DCV,02.4991,V,,,,,,,,
262,DCV,02.5011,V,,,,,,,,
263,DCV,02.5029,V,,,,,,,,
264,DCV,02.5043,V,,,,,,,,
265,DCV,02.5055,V,,,,,,,,
266,DCV,02.5056,V,,,,,,,,
267,DCV,02.5057,V,,,,,,,,
268,DCV,02.5060,V,,,,,,,,
269,DCV,02.5055,V,,,,,,,,
270,DCV,02.5060,V,,,,,,,,
271,DCV,02.5067,V,,,,,,,,
272,DCV,02.5073,V,,,,,,,,
273,DCV,02.5075,V,,,,,,,,
274,DCV,02.5064,V,,,,,,,,
275,DCV,02.5045,V,,,,,,,,
276,DCV,02.5026,V,,,,,,,,
277,DCV,02.5008,V,,,,,,,,
278,DCV,02.4998,V,,,,,,,,
279,DCV,02.4992,V,,,,,,,,
280,DCV,02.4998,V,,,,,,,,
281,DCV,02.5015,V,,,,,,,,
282,DCV,02.5021,V,,,,,,,,
283,DCV,02.5008,V,,,,,,,,
284,DCV,02.5004,V,,,,,,,,
285,DCV,02.5022,V,,,,,,,,
286,DCV,02.5036,V,,,,,,,,
287,DCV,02.5047,V,,,,,,,,
288,DCV,02.5059,V,,,,,,,,
289,DCV,02.5065,V,,,,,,,,
290,DCV,02.5064,V,,,,,,,,
291,DCV,02.5054,V,,,,,,,,
292,DCV,02.5038,V,,,,,,,,
293,DCV,02.5020,V,,,,,,,,
294,DCV,02.5014,V,,,,,,,,
295,DCV,02.5027,V,,,,,,,,
296,DCV,02.5039,V,,,,,,,,
297,DCV,02.5052,V,,,,,,,,
298,DCV,02.5061,V,,,,,,,,
299,DCV,02.5068,V,,,,,,,,
300,DCV,02.5074,V,,,,,,,,
301,DCV,02.5080,V,,,,,,,,
302,DCV,02.5088,V,,,,,,,,
303,DCV,02.5095,V,,,,,,,,
304,DCV,02.5103,V,,,,,,,,
305,DCV,02.5106,V,,,,,,,,
306,DCV,02.5113,V,,,,,,,,
307,DCV,02.5116,V,,,,,,,,
308,DCV,02.5117,V,,,,,,,,
309,DCV,02.5113,V,,,,,,,,
310,DCV,02.5105,V,,,,,,,,
311,DCV,02.5090,V,,,,,,,,
312,DCV,02.5077,V,,,,,,,,
313,DCV,02.5068,V,,,,,,,,
314,DCV,02.5056,V,,,,,,,,
315,DCV,02.5041,V,,,,,,,,
316,DCV,02.5028,V,,,,,,,,
317,DCV,02.5014,V,,,,,,,,
318,DCV,02.5003,V,,,,,,,,
319,DCV,02.4990,V,,,,,,,,
320,DCV,02.4975,V,,,,,,,,
321,DCV,02.4961,V,,,,,,,,
322,DCV,02.4951,V,,,,,,,,
323,DCV,02.4938,V,,,,,,,,
324,DCV,02.4926,V,,,,,,,,
325,DCV,02.4938,V,,,,,,,,
326,DCV,02.4955,V,,,,,,,,
327,DCV,02.4944,V,,,,,,,,
328,DCV,02.4936,V,,,,,,,,
329,DCV,02.4925,V,,,,,,,,
330,DCV,02.4913,V,,,,,,,,
331,DCV,02.4900,V,,,,,,,,
332,DCV,02.4896,V,,,,,,,,
333,DCV,02.4895,V,,,,,,,,
334,DCV,02.4893,V,,,,,,,,
335,DCV,02.4879,V,,,,,,,,
336,DCV,02.4866,V,,,,,,,,
337,DCV,02.4853,V,,,,,,,,
338,DCV,02.4843,V,,,,,,,,
339,DCV,02.4849,V,,,,,,,,
340,DCV,02.4860,V,,,,,,,,
341,DCV,02.4871,V,,,,,,,,
342,DCV,02.4869,V,,,,,,,,
343,DCV,02.4862,V,,,,,,,,
344,DCV,02.4853,V,,,,,,,,
345,DCV,02.4856,V,,,,,,,,
346,DCV,02.4864,V,,,,,,,,
347,DCV,02.4872,V,,,,,,,,
348,DCV,02.4912,V,,,,,,,,
349,DCV,02.4951,V,,,,,,,,
350,DCV,02.4981,V,,,,,,,,
351,DCV,02.5000,V,,,,,,,,
352,DCV,02.5007,V,,,,,,,,
353,DCV,02.4997,V,,,,,,,,
354,DCV,02.4992,V,,,,,,,,
355,DCV,02.5019,V,,,,,,,,
356,DCV,02.5041,V,,,,,,,,
357,DCV,02.5030,V,,,,,,,,
358,DCV,02.5026,V,,,,,,,,
359,DCV,02.5016,V,,,,,,,,
360,DCV,02.5011,V,,,,,,,,
361,DCV,02.5030,V,,,,,,,,
362,DCV,02.5034,V,,,,,,,,
363,DCV,02.5023,V,,,,,,,,
364,DCV,02.5014,V,,,,,,,,
365,DCV,02.5002,V,,,,,,,,
366,DCV,02.4992,V,,,,,,,,
367,DCV,02.4980,V,,,,,,,,
368,DCV,02.4965,V,,,,,,,,
369,DCV,02.4950,V,,,,,,,,
370,DCV,02.4934,V,,,,,,,,
371,DCV,02.4918,V,,,,,,,,
372,DCV,02.4904,V,,,,,,,,
373,DCV,02.4894,V,,,,,,,,
374,DCV,02.4893,V,,,,,,,,
375,DCV,02.4883,V,,,,,,,,
376,DCV,02.4870,V,,,,,,,,
377,DCV,02.4863,V,,,,,,,,
378,DCV,02.4885,V,,,,,,,,
379,DCV,02.4913,V,,,,,,,,
380,DCV,02.4951,V,,,,,,,,
381,DCV,02.4981,V,,,,,,,,
382,DCV,02.5000,V,,,,,,,,
383,DCV,02.5018,V,,,,,,,,
384,DCV,02.5025,V,,,,,,,,
385,DCV,02.5012,V,,,,,,,,
386,DCV,02.5004,V,,,,,,,,
387,DCV,02.5002,V,,,,,,,,
388,DCV,02.4994,V,,,,,,,,
389,DCV,02.4986,V,,,,,,,,
390,DCV,02.4976,V,,,,,,,,
391,DCV,02.4964,V,,,,,,,,
392,DCV,02.4951,V,,,,,,,,
393,DCV,02.4946,V,,,,,,,,
394,DCV,02.4960,V,,,,,,,,
395,DCV,02.4958,V,,,,,,,,
396,DCV,02.4961,V,,,,,,,,
397,DCV,02.4967,V,,,,,,,,
398,DCV,02.4958,V,,,,,,,,
399,DCV,02.4946,V,,,,,,,,
400,DCV,02.4931,V,,,,,,,,
401,DCV,02.4917,V,,,,,,,,
402,DCV,02.4905,V,,,,,,,,
403,DCV,02.4906,V,,,,,,,,
404,DCV,02.4957,V,,,,,,,,
405,DCV,02.5024,V,,,,,,,,
406,DCV,02.5078,V,,,,,,,,
407,DCV,02.5102,V,,,,,,,,
408,DCV,02.5112,V,,,,,,,,
409,DCV,02.5100,V,,,,,,,,
410,DCV,02.5084,V,,,,,,,,
411,DCV,02.5069,V,,,,,,,,
412,DCV,02.5055,V,,,,,,,,
413,DCV,02.5041,V,,,,,,,,
414,DCV,02.5058,V,,,,,,,,
415,DCV,02.5109,V,,,,,,,,
416,DCV,02.5149,V,,,,,,,,
417,DCV,02.5169,V,,,,,,,,
418,DCV,02.5202,V,,,,,,,,
419,DCV,02.5223,V,,,,,,,,
420,DCV,02.5209,V,,,,,,,,
421,DCV,02.5194,V,,,,,,,,
422,DCV,02.5179,V,,,,,,,,
423,DCV,02.5164,V,,,,,,,,
424,DCV,02.5157,V,,,,,,,,
425,DCV,02.5178,V,,,,,,,,
426,DCV,02.5204,V,,,,,,,,
427,DCV,02.5224,V,,,,,,,,
428,DCV,02.5241,V,,,,,,,,
429,DCV,02.5241,V,,,,,,,,
430,DCV,02.5228,V,,,,,,,,
431,DCV,02.5211,V,,,,,,,,
432,DCV,02.5195,V,,,,,,,,
433,DCV,02.5179,V,,,,,,,,
434,DCV,02.5164,V,,,,,,,,
435,DCV,02.5148,V,,,,,,,,
436,DCV,02.5146,V,,,,,,,,
437,DCV,02.5181,V,,,,,,,,
438,DCV,02.5207,V,,,,,,,,
439,DCV,02.5229,V,,,,,,,,
440,DCV,02.5251,V,,,,,,,,
441,DCV,02.5268,V,,,,,,,,
442,DCV,02.5283,V,,,,,,,,
443,DCV,02.5285,V,,,,,,,,
444,DCV,02.5278,V,,,,,,,,
445,DCV,02.5263,V,,,,,,,,
446,DCV,02.5248,V,,,,,,,,
447,DCV,02.5235,V,,,,,,,,
448,DCV,02.5220,V,,,,,,,,
449,DCV,02.5221,V,,,,,,,,
450,DCV,02.5247,V,,,,,,,,
451,DCV,02.5267,V,,,,,,,,
452,DCV,02.5282,V,,,,,,,,
453,DCV,02.5292,V,,,,,,,,
454,DCV,02.5303,V,,,,,,,,
455,DCV,02.5305,V,,,,,,,,
456,DCV,02.5292,V,,,,,,,,
457,DCV,02.5277,V,,,,,,,,
458,DCV,02.5265,V,,,,,,,,
459,DCV,02.5251,V,,,,,,,,
460,DCV,02.5235,V,,,,,,,,
461,DCV,02.5225,V,,,,,,,,
462,DCV,02.5243,V,,,,,,,,
463,DCV,02.5262,V,,,,,,,,
464,DCV,02.5277,V,,,,,,,,
465,DCV,02.5289,V,,,,,,,,
466,DCV,02.5299,V,,,,,,,,
467,DCV,02.5305,V,,,,,,,,
468,DCV,02.5313,V,,,,,,,,
469,DCV,02.5319,V,,,,,,,,
470,DCV,02.5322,V,,,,,,,,
471,DCV,02.5325,V,,,,,,,,
472,DCV,02.5327,V,,,,,,,,
473,DCV,02.5331,V,,,,,,,,
474,DCV,02.5331,V,,,,,,,,
475,DCV,02.5332,V,,,,,,,,
476,DCV,02.5333,V,,,,,,,,
477,DCV,02.5333,V,,,,,,,,
478,DCV,02.5331,V,,,,,,,,
479,DCV,02.5329,V,,,,,,,,
480,DCV,02.5327,V,,,,,,,,
481,DCV,02.5325,V,,,,,,,,
482,DCV,02.5323,V,,,,,,,,
483,DCV,02.5320,V,,,,,,,,
484,DCV,02.5318,V,,,,,,,,
485,DCV,02.5315,V,,,,,,,,
486,DCV,02.5310,V,,,,,,,,
487,DCV,02.5306,V,,,,,,,,
488,DCV,02.5302,V,,,,,,,,
489,DCV,02.5289,V,,,,,,,,
490,DCV,02.5274,V,,,,,,,,
491,DCV,02.5262,V,,,,,,,,
492,DCV,02.5264,V,,,,,,,,
493,DCV,02.5264,V,,,,,,,,
494,DCV,02.5265,V,,,,,,,,
495,DCV,02.5266,V,,,,,,,,
496,DCV,02.5264,V,,,,,,,,
497,DCV,02.5262,V,,,,,,,,
498,DCV,02.5260,V,,,,,,,,
499,DCV,02.5255,V,,,,,,,,
500,DCV,02.5240,V,,,,,,,,
501,DCV,02.5241,V,,,,,,,,
502,DCV,02.5240,V,,,,,,,,
503,DCV,02.5239,V,,,,,,,,
504,DCV,02.5237,V,,,,,,,,
505,DCV,02.5235,V,,,,,,,,
506,DCV,02.5235,V,,,,,,,,
507,DCV,02.5233,V,,,,,,,,
508,DCV,02.5231,V,,,,,,,,
509,DCV,02.5230,V,,,,,,,,
510,DCV,02.5229,V,,,,,,,,
511,DCV,02.5227,V,,,,,,,,
512,DCV,02.5223,V,,,,,,,,
513,DCV,02.5222,V,,,,,,,,
514,DCV,02.5219,V,,,,,,,,
515,DCV,02.5216,V,,,,,,,,
516,DCV,02.5212,V,,,,,,,,
517,DCV,02.5208,V,,,,,,,,
518,DCV,02.5205,V,,,,,,,,
519,DCV,02.5200,V,,,,,,,,
520,DCV,02.5196,V,,,,,,,,
521,DCV,02.5194,V,,,,,,,,
522,DCV,02.5191,V,,,,,,,,
523,DCV,02.5187,V,,,,,,,,
524,DCV,02.5185,V,,,,,,,,
525,DCV,02.5182,V,,,,,,,,
526,DCV,02.5178,V,,,,,,,,
527,DCV,02.5174,V,,,,,,,,
528,DCV,02.5173,V,,,,,,,,
529,DCV,02.5170,V,,,,,,,,
530,DCV,02.5168,V,,,,,,,,
531,DCV,02.5164,V,,,,,,,,
532,DCV,02.5161,V,,,,,,,,
533,DCV,02.5159,V,,,,,,,,
534,DCV,02.5154,V,,,,,,,,
535,DCV,02.5150,V,,,,,,,,
536,DCV,02.5148,V,,,,,,,,
537,DCV,02.5144,V,,,,,,,,
538,DCV,02.5139,V,,,,,,,,
539,DCV,02.5135,V,,,,,,,,
540,DCV,02.5131,V,,,,,,,,
541,DCV,02.5126,V,,,,,,,,
542,DCV,02.5123,V,,,,,,,,
543,DCV,02.5117,V,,,,,,,,
544,DCV,02.5113,V,,,,,,,,
545,DCV,02.5110,V,,,,,,,,
546,DCV,02.5108,V,,,,,,,,
547,DCV,02.5105,V,,,,,,,,
548,DCV,02.5101,V,,,,,,,,
549,DCV,02.5097,V,,,,,,,,
550,DCV,02.5094,V,,,,,,,,
551,DCV,02.5092,V,,,,,,,,
552,DCV,02.5088,V,,,,,,,,
553,DCV,02.5085,V,,,,,,,,
554,DCV,02.5082,V,,,,,,,,
555,DCV,02.5078,V,,,,,,,,
556,DCV,02.5074,V,,,,,,,,
557,DCV,02.5071,V,,,,,,,,
558,DCV,02.5067,V,,,,,,,,
559,DCV,02.5062,V,,,,,,,,
560,DCV,02.5059,V,,,,,,,,
561,DCV,02.5054,V,,,,,,,,
562,DCV,02.5048,V,,,,,,,,
563,DCV,02.5045,V,,,,,,,,
564,DCV,02.5039,V,,,,,,,,
565,DCV,02.5035,V,,,,,,,,
566,DCV,02.5032,V,,,,,,,,
567,DCV,02.5027,V,,,,,,,,
568,DCV,02.5023,V,,,,,,,,
569,DCV,02.5021,V,,,,,,,,
570,DCV,02.5017,V,,,,,,,,
571,DCV,02.5015,V,,,,,,,,
572,DCV,02.5013,V,,,,,,,,
573,DCV,02.5011,V,,,,,,,,
574,DCV,02.5008,V,,,,,,,,
575,DCV,02.5005,V,,,,,,,,
576,DCV,02.5004,V,,,,,,,,
577,DCV,02.5003,V,,,,,,,,
578,DCV,02.5000,V,,,,,,,,
579,DCV,02.4998,V,,,,,,,,
580,DCV,02.4997,V,,,,,,,,
581,DCV,02.4996,V,,,,,,,,
582,DCV,02.4992,V,,,,,,,,
583,DCV,02.4991,V,,,,,,,,
584,DCV,02.4988,V,,,,,,,,
585,DCV,02.4985,V,,,,,,,,
586,DCV,02.4983,V,,,,,,,,
587,DCV,02.4980,V,,,,,,,,
588,DCV,02.4980,V,,,,,,,,
589,DCV,02.4977,V,,,,,,,,
590,DCV,02.4976,V,,,,,,,,
591,DCV,02.4973,V,,,,,,,,
592,DCV,02.4972,V,,,,,,,,
593,DCV,02.4969,V,,,,,,,,
594,DCV,02.4968,V,,,,,,,,
595,DCV,02.4967,V,,,,,,,,
596,DCV,02.4964,V,,,,,,,,
597,DCV,02.4961,V,,,,,,,,
598,DCV,02.4960,V,,,,,,,,
599,DCV,02.4957,V,,,,,,,,
600,DCV,02.4953,V,,,,,,,,
601,DCV,02.4950,V,,,,,,,,
602,DCV,02.4947,V,,,,,,,,
603,DCV,02.4945,V,,,,,,,,
604,DCV,02.4942,V,,,,,,,,
605,DCV,02.4939,V,,,,,,,,
606,DCV,02.4938,V,,,,,,,,
607,DCV,02.4935,V,,,,,,,,
608,DCV,02.4932,V,,,,,,,,
609,DCV,02.4928,V,,,,,,,,
610,DCV,02.4926,V,,,,,,,,
611,DCV,02.4923,V,,,,,,,,
612,DCV,02.4922,V,,,,,,,,
613,DCV,02.4919,V,,,,,,,,
614,DCV,02.4917,V,,,,,,,,
615,DCV,02.4915,V,,,,,,,,
616,DCV,02.4913,V,,,,,,,,
617,DCV,02.4912,V,,,,,,,,
618,DCV,02.4912,V,,,,,,,,
619,DCV,02.4909,V,,,,,,,,
620,DCV,02.4909,V,,,,,,,,
621,DCV,02.4908,V,,,,,,,,
622,DCV,02.4906,V,,,,,,,,
623,DCV,02.4905,V,,,,,,,,
624,DCV,02.4903,V,,,,,,,,
625,DCV,02.4900,V,,,,,,,,
626,DCV,02.4896,V,,,,,,,,
627,DCV,02.4890,V,,,,,,,,
628,DCV,02.4885,V,,,,,,,,
629,DCV,02.4879,V,,,,,,,,
630,DCV,02.4867,V,,,,,,,,
631,DCV,02.4858,V,,,,,,,,
632,DCV,02.4849,V,,,,,,,,
633,DCV,02.4852,V,,,,,,,,
634,DCV,02.4854,V,,,,,,,,
635,DCV,02.4849,V,,,,,,,,
636,DCV,02.4850,V,,,,,,,,
637,DCV,02.4848,V,,,,,,,,
638,DCV,02.4845,V,,,,,,,,
639,DCV,02.4837,V,,,,,,,,
640,DCV,02.4829,V,,,,,,,,
641,DCV,02.4820,V,,,,,,,,
642,DCV,02.4812,V,,,,,,,,
643,DCV,02.4808,V,,,,,,,,
644,DCV,02.4804,V,,,,,,,,
645,DCV,02.4795,V,,,,,,,,
646,DCV,02.4784,V,,,,,,,,
647,DCV,02.4776,V,,,,,,,,
648,DCV,02.4764,V,,,,,,,,
649,DCV,02.4753,V,,,,,,,,
650,DCV,02.4741,V,,,,,,,,
651,DCV,02.4727,V,,,,,,,,
652,DCV,02.4715,V,,,,,,,,
653,DCV,02.4701,V,,,,,,,,
654,DCV,02.4689,V,,,,,,,,
655,DCV,02.4677,V,,,,,,,,
656,DCV,02.4665,V,,,,,,,,
657,DCV,02.4654,V,,,,,,,,
658,DCV,02.4641,V,,,,,,,,
659,DCV,02.4629,V,,,,,,,,
660,DCV,02.4617,V,,,,,,,,
661,DCV,02.4605,V,,,,,,,,
662,DCV,02.4594,V,,,,,,,,
663,DCV,02.4581,V,,,,,,,,
664,DCV,02.4569,V,,,,,,,,
665,DCV,02.4557,V,,,,,,,,
666,DCV,02.4559,V,,,,,,,,
667,DCV,02.4622,V,,,,,,,,
668,DCV,02.4689,V,,,,,,,,
669,DCV,02.4741,V,,,,,,,,
670,DCV,02.4773,V,,,,,,,,
671,DCV,02.4801,V,,,,,,,,
672,DCV,02.4795,V,,,,,,,,
673,DCV,02.4783,V,,,,,,,,
674,DCV,02.4771,V,,,,,,,,
675,DCV,02.4759,V,,,,,,,,
676,DCV,02.4755,V,,,,,,,,
677,DCV,02.4811,V,,,,,,,,
678,DCV,02.4857,V,,,,,,,,
679,DCV,02.4884,V,,,,,,,,
680,DCV,02.4913,V,,,,,,,,
681,DCV,02.4919,V,,,,,,,,
682,DCV,02.4911,V,,,,,,,,
683,DCV,02.4924,V,,,,,,,,
684,DCV,02.4916,V,,,,,,,,
685,DCV,02.4903,V,,,,,,,,
686,DCV,02.4902,V,,,,,,,,
687,DCV,02.4930,V,,,,,,,,
688,DCV,02.4948,V,,,,,,,,
689,DCV,02.4959,V,,,,,,,,
690,DCV,02.4958,V,,,,,,,,
691,DCV,02.4946,V,,,,,,,,
692,DCV,02.4935,V,,,,,,,,
693,DCV,02.4921,V,,,,,,,,
694,DCV,02.4908,V,,,,,,,,
695,DCV,02.4895,V,,,,,,,,
696,DCV,02.4896,V,,,,,,,,
697,DCV,02.4883,V,,,,,,,,
698,DCV,02.4884,V,,,,,,,,
699,DCV,02.4909,V,,,,,,,,
700,DCV,02.4942,V,,,,,,,,
701,DCV,02.4976,V,,,,,,,,
702,DCV,02.5001,V,,,,,,,,
703,DCV,02.5013,V,,,,,,,,
704,DCV,02.5002,V,,,,,,,,
705,DCV,02.5001,V,,,,,,,,
706,DCV,02.5020,V,,,,,,,,
707,DCV,02.5015,V,,,,,,,,
708,DCV,02.5009,V,,,,,,,,
709,DCV,02.5014,V,,,,,,,,
710,DCV,02.5006,V,,,,,,,,
711,DCV,02.4994,V,,,,,,,,
712,DCV,02.4984,V,,,,,,,,
713,DCV,02.4983,V,,,,,,,,
714,DCV,02.4990,V,,,,,,,,
715,DCV,02.5010,V,,,,,,,,
716,DCV,02.5026,V,,,,,,,,
717,DCV,02.5039,V,,,,,,,,
718,DCV,02.5049,V,,,,,,,,
719,DCV,02.5057,V,,,,,,,,
720,DCV,02.5064,V,,,,,,,,
721,DCV,02.5071,V,,,,,,,,
722,DCV,02.5076,V,,,,,,,,
723,DCV,02.5081,V,,,,,,,,
724,DCV,02.5086,V,,,,,,,,
725,DCV,02.5084,V,,,,,,,,
726,DCV,02.5075,V,,,,,,,,
727,DCV,02.5075,V,,,,,,,,
728,DCV,02.5078,V,,,,,,,,
729,DCV,02.5081,V,,,,,,,,
730,DCV,02.5070,V,,,,,,,,
731,DCV,02.5060,V,,,,,,,,
732,DCV,02.5057,V,,,,,,,,
733,DCV,02.5062,V,,,,,,,,
734,DCV,02.5066,V,,,,,,,,
735,DCV,02.5070,V,,,,,,,,
736,DCV,02.5072,V,,,,,,,,
737,DCV,02.5073,V,,,,,,,,
738,DCV,02.5070,V,,,,,,,,
739,DCV,02.5061,V,,,,,,,,
740,DCV,02.5051,V,,,,,,,,
741,DCV,02.5043,V,,,,,,,,
742,DCV,02.5036,V,,,,,,,,
743,DCV,02.5039,V,,,,,,,,
744,DCV,02.5039,V,,,,,,,,
745,DCV,02.5039,V,,,,,,,,
746,DCV,02.5040,V,,,,,,,,
747,DCV,02.5028,V,,,,,,,,
748,DCV,02.5023,V,,,,,,,,
749,DCV,02.5016,V,,,,,,,,
750,DCV,02.5002,V,,,,,,,,
751,DCV,02.4991,V,,,,,,,,
752,DCV,02.4982,V,,,,,,,,
753,DCV,02.4969,V,,,,,,,,
754,DCV,02.4956,V,,,,,,,,
755,DCV,02.4943,V,,,,,,,,
756,DCV,02.4930,V,,,,,,,,
757,DCV,02.4917,V,,,,,,,,
758,DCV,02.4903,V,,,,,,,,
759,DCV,02.4891,V,,,,,,,,
760,DCV,02.4886,V,,,,,,,,
761,DCV,02.4883,V,,,,,,,,
762,DCV,02.4897,V,,,,,,,,
763,DCV,02.4914,V,,,,,,,,
764,DCV,02.4927,V,,,,,,,,
765,DCV,02.4932,V,,,,,,,,
766,DCV,02.4938,V,,,,,,,,
767,DCV,02.4928,V,,,,,,,,
768,DCV,02.4917,V,,,,,,,,
769,DCV,02.4902,V,,,,,,,,
770,DCV,02.4889,V,,,,,,,,
771,DCV,02.4878,V,,,,,,,,
772,DCV,02.4869,V,,,,,,,,
773,DCV,02.4860,V,,,,,,,,
774,DCV,02.4872,V,,,,,,,,
775,DCV,02.4895,V,,,,,,,,
776,DCV,02.4914,V,,,,,,,,
777,DCV,02.4928,V,,,,,,,,
778,DCV,02.4938,V,,,,,,,,
779,DCV,02.4950,V,,,,,,,,
780,DCV,02.4957,V,,,,,,,,
781,DCV,02.4965,V,,,,,,,,
782,DCV,02.4972,V,,,,,,,,
783,DCV,02.4973,V,,,,,,,,
784,DCV,02.4972,V,,,,,,,,
785,DCV,02.4977,V,,,,,,,,
786,DCV,02.4969,V,,,,,,,,
787,DCV,02.4960,V,,,,,,,,
788,DCV,02.4966,V,,,,,,,,
789,DCV,02.4961,V,,,,,,,,
790,DCV,02.4948,V,,,,,,,,
791,DCV,02.4939,V,,,,,,,,
792,DCV,02.4938,V,,,,,,,,
793,DCV,02.4947,V,,,,,,,,
794,DCV,02.4959,V,,,,,,,,
795,DCV,02.4968,V,,,,,,,,
796,DCV,02.4975,V,,,,,,,,
797,DCV,02.4980,V,,,,,,,,
798,DCV,02.4986,V,,,,,,,,
799,DCV,02.4989,V,,,,,,,,
800,DCV,02.4992,V,,,,,,,,
801,DCV,02.4994,V,,,,,,,,
802,DCV,02.4994,V,,,,,,,,
803,DCV,02.4989,V,,,,,,,,
804,DCV,02.4982,V,,,,,,,,
805,DCV,02.4977,V,,,,,,,,
806,DCV,02.4974,V,,,,,,,,
807,DCV,02.4973,V,,,,,,,,
808,DCV,02.4974,V,,,,,,,,
809,DCV,02.4971,V,,,,,,,,
810,DCV,02.4969,V,,,,,,,,
811,DCV,02.4961,V,,,,,,,,
812,DCV,02.4949,V,,,,,,,,
813,DCV,02.4936,V,,,,,,,,
814,DCV,02.4923,V,,,,,,,,
815,DCV,02.4909,V,,,,,,,,
816,DCV,02.4897,V,,,,,,,,
817,DCV,02.4888,V,,,,,,,,
818,DCV,02.4875,V,,,,,,,,
819,DCV,02.4867,V,,,,,,,,
820,DCV,02.4863,V,,,,,,,,
821,DCV,02.4854,V,,,,,,,,
822,DCV,02.4848,V,,,,,,,,
823,DCV,02.4840,V,,,,,,,,
824,DCV,02.4831,V,,,,,,,,
825,DCV,02.4820,V,,,,,,,,
826,DCV,02.4811,V,,,,,,,,
827,DCV,02.4801,V,,,,,,,,
828,DCV,02.4790,V,,,,,,,,
829,DCV,02.4777,V,,,,,,,,
830,DCV,02.4765,V,,,,,,,,
831,DCV,02.4758,V,,,,,,,,
832,DCV,02.4753,V,,,,,,,,
833,DCV,02.4746,V,,,,,,,,
834,DCV,02.4736,V,,,,,,,,
835,DCV,02.4725,V,,,,,,,,
836,DCV,02.4712,V,,,,,,,,
837,DCV,02.4702,V,,,,,,,,
838,DCV,02.4688,V,,,,,,,,
839,DCV,02.4678,V,,,,,,,,
840,DCV,02.4666,V,,,,,,,,
841,DCV,02.4653,V,,,,,,,,
842,DCV,02.4642,V,,,,,,,,
843,DCV,02.4630,V,,,,,,,,
844,DCV,02.4619,V,,,,,,,,
845,DCV,02.4625,V,,,,,,,,
846,DCV,02.4625,V,,,,,,,,
847,DCV,02.4625,V,,,,,,,,
848,DCV,02.4617,V,,,,,,,,
849,DCV,02.4606,V,,,,,,,,
850,DCV,02.4594,V,,,,,,,,
851,DCV,02.4593,V,,,,,,,,
852,DCV,02.4602,V,,,,,,,,
853,DCV,02.4601,V,,,,,,,,
854,DCV,02.4596,V,,,,,,,,
855,DCV,02.4585,V,,,,,,,,
856,DCV,02.4578,V,,,,,,,,
857,DCV,02.4614,V,,,,,,,,
858,DCV,02.4654,V,,,,,,,,
859,DCV,02.4668,V,,,,,,,,
860,DCV,02.4694,V,,,,,,,,
861,DCV,02.4687,V,,,,,,,,
862,DCV,02.4674,V,,,,,,,,
863,DCV,02.4663,V,,,,,,,,
864,DCV,02.4653,V,,,,,,,,
865,DCV,02.4675,V,,,,,,,,
866,DCV,02.4668,V,,,,,,,,
867,DCV,02.4655,V,,,,,,,,
868,DCV,02.4643,V,,,,,,,,
869,DCV,02.4631,V,,,,,,,,
870,DCV,02.4619,V,,,,,,,,
871,DCV,02.4626,V,,,,,,,,
872,DCV,02.4706,V,,,,,,,,
873,DCV,02.4773,V,,,,,,,,
874,DCV,02.4818,V,,,,,,,,
875,DCV,02.4858,V,,,,,,,,
876,DCV,02.4880,V,,,,,,,,
877,DCV,02.4892,V,,,,,,,,
878,DCV,02.4881,V,,,,,,,,
879,DCV,02.4866,V,,,,,,,,
880,DCV,02.4858,V,,,,,,,,
881,DCV,02.4847,V,,,,,,,,
882,DCV,02.4833,V,,,,,,,,
883,DCV,02.4821,V,,,,,,,,
884,DCV,02.4808,V,,,,,,,,
885,DCV,02.4794,V,,,,,,,,
886,DCV,02.4783,V,,,,,,,,
887,DCV,02.4771,V,,,,,,,,
888,DCV,02.4771,V,,,,,,,,
889,DCV,02.4769,V,,,,,,,,
890,DCV,02.4762,V,,,,,,,,
891,DCV,02.4750,V,,,,,,,,
892,DCV,02.4743,V,,,,,,,,
893,DCV,02.4736,V,,,,,,,,
894,DCV,02.4772,V,,,,,,,,
895,DCV,02.4820,V,,,,,,,,
896,DCV,02.4882,V,,,,,,,,
897,DCV,02.4935,V,,,,,,,,
898,DCV,02.4980,V,,,,,,,,
899,DCV,02.4991,V,,,,,,,,
900,DCV,02.4977,V,,,,,,,,
901,DCV,02.4963,V,,,,,,,,
902,DCV,02.4951,V,,,,,,,,
903,DCV,02.4938,V,,,,,,,,
904,DCV,02.4924,V,,,,,,,,
905,DCV,02.4912,V,,,,,,,,
906,DCV,02.4899,V,,,,,,,,
907,DCV,02.4886,V,,,,,,,,
908,DCV,02.4923,V,,,,,,,,
909,DCV,02.4997,V,,,,,,,,
910,DCV,02.5056,V,,,,,,,,
911,DCV,02.5106,V,,,,,,,,
912,DCV,02.5140,V,,,,,,,,
913,DCV,02.5148,V,,,,,,,,
914,DCV,02.5144,V,,,,,,,,
915,DCV,02.5149,V,,,,,,,,
916,DCV,02.5168,V,,,,,,,,
917,DCV,02.5201,V,,,,,,,,
918,DCV,02.5203,V,,,,,,,,
919,DCV,02.5191,V,,,,,,,,
920,DCV,02.5223,V,,,,,,,,
921,DCV,02.5255,V,,,,,,,,
922,DCV,02.5259,V,,,,,,,,
923,DCV,02.5251,V,,,,,,,,
924,DCV,02.5240,V,,,,,,,,
925,DCV,02.5227,V,,,,,,,,
926,DCV,02.5213,V,,,,,,,,
927,DCV,02.5205,V,,,,,,,,
928,DCV,02.5227,V,,,,,,,,
929,DCV,02.5259,V,,,,,,,,
930,DCV,02.5288,V,,,,,,,,
931,DCV,02.5310,V,,,,,,,,
932,DCV,02.5330,V,,,,,,,,
933,DCV,02.5346,V,,,,,,,,
934,DCV,02.5359,V,,,,,,,,
935,DCV,02.5372,V,,,,,,,,
936,DCV,02.5381,V,,,,,,,,
937,DCV,02.5390,V,,,,,,,,
938,DCV,02.5398,V,,,,,,,,
939,DCV,02.5404,V,,,,,,,,
940,DCV,02.5413,V,,,,,,,,
941,DCV,02.5416,V,,,,,,,,
942,DCV,02.5412,V,,,,,,,,
943,DCV,02.5403,V,,,,,,,,
944,DCV,02.5389,V,,,,,,,,
945,DCV,02.5377,V,,,,,,,,
946,DCV,02.5363,V,,,,,,,,
947,DCV,02.5348,V,,,,,,,,
948,DCV,02.5335,V,,,,,,,,
949,DCV,02.5323,V,,,,,,,,
950,DCV,02.5308,V,,,,,,,,
951,DCV,02.5295,V,,,,,,,,
952,DCV,02.5282,V,,,,,,,,
953,DCV,02.5268,V,,,,,,,,
954,DCV,02.5255,V,,,,,,,,
955,DCV,02.5242,V,,,,,,,,
956,DCV,02.5228,V,,,,,,,,
957,DCV,02.5215,V,,,,,,,,
958,DCV,02.5203,V,,,,,,,,
959,DCV,02.5190,V,,,,,,,,
960,DCV,02.5225,V,,,,,,,,
961,DCV,02.5252,V,,,,,,,,
962,DCV,02.5255,V,,,,,,,,
963,DCV,02.5242,V,,,,,,,,
964,DCV,02.5228,V,,,,,,,,
965,DCV,02.5215,V,,,,,,,,
966,DCV,02.5208,V,,,,,,,,
967,DCV,02.5194,V,,,,,,,,
968,DCV,02.5184,V,,,,,,,,
969,DCV,02.5236,V,,,,,,,,
970,DCV,02.5291,V,,,,,,,,
971,DCV,02.5336,V,,,,,,,,
972,DCV,02.5345,V,,,,,,,,
973,DCV,02.5334,V,,,,,,,,
974,DCV,02.5322,V,,,,,,,,
975,DCV,02.5330,V,,,,,,,,
976,DCV,02.5327,V,,,,,,,,
977,DCV,02.5314,V,,,,,,,,
978,DCV,02.5299,V,,,,,,,,
979,DCV,02.5287,V,,,,,,,,
980,DCV,02.5273,V,,,,,,,,
981,DCV,02.5261,V,,,,,,,,
982,DCV,02.5247,V,,,,,,,,
983,DCV,02.5233,V,,,,,,,,
984,DCV,02.5222,V,,,,,,,,
985,DCV,02.5208,V,,,,,,,,
986,DCV,02.5196,V,,,,,,,,
987,DCV,02.5183,V,,,,,,,,
988,DCV,02.5170,V,,,,,,,,
989,DCV,02.5157,V,,,,,,,,
990,DCV,02.5145,V,,,,,,,,
991,DCV,02.5131,V,,,,,,,,
992,DCV,02.5128,V,,,,,,,,
993,DCV,02.5126,V,,,,,,,,
994,DCV,02.5115,V,,,,,,,,
995,DCV,02.5104,V,,,,,,,,
996,DCV,02.5092,V,,,,,,,,
997,DCV,02.5080,V,,,,,,,,
998,DCV,02.5069,V,,,,,,,,
999,DCV,02.5056,V,,,,,,,,
1000,DCV,02.5046,V,,,,,,,,
1001,DCV,02.5035,V,,,,,,,,
1002,DCV,02.5024,V,,,,,,,,
1003,DCV,02.5014,V,,,,,,,,
1004,DCV,02.5004,V,,,,,,,,
1005,DCV,02.4996,V,,,,,,,,
1006,DCV,02.4984,V,,,,,,,,
1007,DCV,02.4975,V,,,,,,,,
1008,DCV,02.4962,V,,,,,,,,
1009,DCV,02.4954,V,,,,,,,,
1010,DCV,02.4945,V,,,,,,,,
1011,DCV,02.4932,V,,,,,,,,
1012,DCV,02.4922,V,,,,,,,,
1013,DCV,02.4911,V,,,,,,,,
1014,DCV,02.4901,V,,,,,,,,
1015,DCV,02.4891,V,,,,,,,,
1016,DCV,02.4881,V,,,,,,,,
1017,DCV,02.4871,V,,,,,,,,
1018,DCV,02.4861,V,,,,,,,,
1019,DCV,02.4852,V,,,,,,,,
1020,DCV,02.4843,V,,,,,,,,
1021,DCV,02.4835,V,,,,,,,,
1022,DCV,02.4824,V,,,,,,,,
1023,DCV,02.4817,V,,,,,,,,
1024,DCV,02.4809,V,,,,,,,,
1025,DCV,02.4800,V,,,,,,,,
1026,DCV,02.4791,V,,,,,,,,
1027,DCV,02.4782,V,,,,,,,,
1028,DCV,02.4772,V,,,,,,,,
1029,DCV,02.4764,V,,,,,,,,
1030,DCV,02.4755,V,,,,,,,,
1031,DCV,02.4747,V,,,,,,,,
1032,DCV,02.4739,V,,,,,,,,
1033,DCV,02.4729,V,,,,,,,,
1034,DCV,02.4720,V,,,,,,,,
1035,DCV,02.4712,V,,,,,,,,
1036,DCV,02.4705,V,,,,,,,,
1037,DCV,02.4698,V,,,,,,,,
1038,DCV,02.4691,V,,,,,,,,
1039,DCV,02.4690,V,,,,,,,,
1040,DCV,02.4686,V,,,,,,,,
1041,DCV,02.4678,V,,,,,,,,
1042,DCV,02.4669,V,,,,,,,,
1043,DCV,02.4661,V,,,,,,,,
1044,DCV,02.4653,V,,,,,,,,
1045,DCV,02.4646,V,,,,,,,,
1046,DCV,02.4646,V,,,,,,,,
1047,DCV,02.4650,V,,,,,,,,
1048,DCV,02.4643,V,,,,,,,,
1049,DCV,02.4636,V,,,,,,,,
1050,DCV,02.4634,V,,,,,,,,
1051,DCV,02.4630,V,,,,,,,,
1052,DCV,02.4628,V,,,,,,,,
1053,DCV,02.4625,V,,,,,,,,
1054,DCV,02.4618,V,,,,,,,,
1055,DCV,02.4612,V,,,,,,,,
1056,DCV,02.4606,V,,,,,,,,
1057,DCV,02.4599,V,,,,,,,,
1058,DCV,02.4593,V,,,,,,,,
1059,DCV,02.4589,V,,,,,,,,
1060,DCV,02.4585,V,,,,,,,,
1061,DCV,02.4580,V,,,,,,,,
1062,DCV,02.4577,V,,,,,,,,
1063,DCV,02.4573,V,,,,,,,,
1064,DCV,02.4569,V,,,,,,,,
1065,DCV,02.4566,V,,,,,,,,
1066,DCV,02.4562,V,,,,,,,,
1067,DCV,02.4557,V,,,,,,,,
1068,DCV,02.4552,V,,,,,,,,
1069,DCV,02.4544,V,,,,,,,,
1070,DCV,02.4536,V,,,,,,,,
1071,DCV,02.4529,V,,,,,,,,
1072,DCV,02.4523,V,,,,,,,,
1073,DCV,02.4515,V,,,,,,,,
1074,DCV,02.4506,V,,,,,,,,
1075,DCV,02.4498,V,,,,,,,,
1076,DCV,02.4491,V,,,,,,,,
1077,DCV,02.4481,V,,,,,,,,
1078,DCV,02.4473,V,,,,,,,,
1079,DCV,02.4466,V,,,,,,,,
1080,DCV,02.4457,V,,,,,,,,
1081,DCV,02.4449,V,,,,,,,,
1082,DCV,02.4441,V,,,,,,,,
1083,DCV,02.4432,V,,,,,,,,
1084,DCV,02.4425,V,,,,,,,,
1085,DCV,02.4416,V,,,,,,,,
1086,DCV,02.4408,V,,,,,,,,
1087,DCV,02.4400,V,,,,,,,,
1088,DCV,02.4394,V,,,,,,,,
1089,DCV,02.4386,V,,,,,,,,
1090,DCV,02.4379,V,,,,,,,,
1091,DCV,02.4373,V,,,,,,,,
1092,DCV,02.4367,V,,,,,,,,
1093,DCV,02.4361,V,,,,,,,,
1094,DCV,02.4355,V,,,,,,,,
1095,DCV,02.4350,V,,,,,,,,
1096,DCV,02.4344,V,,,,,,,,
1097,DCV,02.4338,V,,,,,,,,
1098,DCV,02.4332,V,,,,,,,,
1099,DCV,02.4324,V,,,,,,,,
1100,DCV,02.4316,V,,,,,,,,
1101,DCV,02.4309,V,,,,,,,,
1102,DCV,02.4302,V,,,,,,,,
1103,DCV,02.4297,V,,,,,,,,
1104,DCV,02.4293,V,,,,,,,,
1105,DCV,02.4286,V,,,,,,,,
1106,DCV,02.4279,V,,,,,,,,
1107,DCV,02.4275,V,,,,,,,,
1108,DCV,02.4268,V,,,,,,,,
1109,DCV,02.4266,V,,,,,,,,
1110,DCV,02.4260,V,,,,,,,,
1111,DCV,02.4257,V,,,,,,,,
1112,DCV,02.4254,V,,,,,,,,
1113,DCV,02.4254,V,,,,,,,,
1114,DCV,02.4253,V,,,,,,,,
1115,DCV,02.4253,V,,,,,,,,
1116,DCV,02.4253,V,,,,,,,,
1117,DCV,02.4255,V,,,,,,,,
1118,DCV,02.4257,V,,,,,,,,
1119,DCV,02.4260,V,,,,,,,,
1120,DCV,02.4262,V,,,,,,,,
1121,DCV,02.4263,V,,,,,,,,
1122,DCV,02.4267,V,,,,,,,,
1123,DCV,02.4269,V,,,,,,,,
1124,DCV,02.4272,V,,,,,,,,
1125,DCV,02.4274,V,,,,,,,,
1126,DCV,02.4272,V,,,,,,,,
1127,DCV,02.4274,V,,,,,,,,
1128,DCV,02.4279,V,,,,,,,,
1129,DCV,02.4280,V,,,,,,,,
1130,DCV,02.4281,V,,,,,,,,
1131,DCV,02.4280,V,,,,,,,,
1132,DCV,02.4284,V,,,,,,,,
1133,DCV,02.4285,V,,,,,,,,
1134,DCV,02.4289,V,,,,,,,,
1135,DCV,02.4295,V,,,,,,,,
1136,DCV,02.4301,V,,,,,,,,
1137,DCV,02.4306,V,,,,,,,,
1138,DCV,02.4309,V,,,,,,,,
1139,DCV,02.4309,V,,,,,,,,
1140,DCV,02.4309,V,,,,,,,,
1141,DCV,02.4308,V,,,,,,,,
1142,DCV,02.4309,V,,,,,,,,
1143,DCV,02.4309,V,,,,,,,,
1144,DCV,02.4312,V,,,,,,,,
1145,DCV,02.4313,V,,,,,,,,
1146,DCV,02.4314,V,,,,,,,,
1147,DCV,02.4316,V,,,,,,,,
1148,DCV,02.4319,V,,,,,,,,
1149,DCV,02.4320,V,,,,,,,,
1150,DCV,02.4322,V,,,,,,,,
1151,DCV,02.4323,V,,,,,,,,
1152,DCV,02.4325,V,,,,,,,,
1153,DCV,02.4326,V,,,,,,,,
1154,DCV,02.4328,V,,,,,,,,
1155,DCV,02.4329,V,,,,,,,,
1156,DCV,02.4331,V,,,,,,,,
1157,DCV,02.4334,V,,,,,,,,
1158,DCV,02.4337,V,,,,,,,,
1159,DCV,02.4341,V,,,,,,,,
1160,DCV,02.4344,V,,,,,,,,
1161,DCV,02.4347,V,,,,,,,,
1162,DCV,02.4351,V,,,,,,,,
1163,DCV,02.4357,V,,,,,,,,
1164,DCV,02.4366,V,,,,,,,,
1165,DCV,02.4370,V,,,,,,,,
1166,DCV,02.4373,V,,,,,,,,
1167,DCV,02.4375,V,,,,,,,,
1168,DCV,02.4378,V,,,,,,,,
1169,DCV,02.4380,V,,,,,,,,
1170,DCV,02.4384,V,,,,,,,,
1171,DCV,02.4386,V,,,,,,,,
1172,DCV,02.4388,V,,,,,,,,
1173,DCV,02.4391,V,,,,,,,,
1174,DCV,02.4394,V,,,,,,,,
1175,DCV,02.4397,V,,,,,,,,
1176,DCV,02.4407,V,,,,,,,,
1177,DCV,02.4414,V,,,,,,,,
1178,DCV,02.4419,V,,,,,,,,
1179,DCV,02.4425,V,,,,,,,,
1180,DCV,02.4430,V,,,,,,,,
1181,DCV,02.4437,V,,,,,,,,
1182,DCV,02.4445,V,,,,,,,,
1183,DCV,02.4451,V,,,,,,,,
1184,DCV,02.4456,V,,,,,,,,
1185,DCV,02.4461,V,,,,,,,,
1186,DCV,02.4469,V,,,,,,,,
1187,DCV,02.4474,V,,,,,,,,
1188,DCV,02.4477,V,,,,,,,,
1189,DCV,02.4484,V,,,,,,,,
1190,DCV,02.4486,V,,,,,,,,
1191,DCV,02.4489,V,,,,,,,,
1192,DCV,02.4492,V,,,,,,,,
1193,DCV,02.4494,V,,,,,,,,
1194,DCV,02.4498,V,,,,,,,,
1195,DCV,02.4502,V,,,,,,,,
1196,DCV,02.4508,V,,,,,,,,
1197,DCV,02.4519,V,,,,,,,,
1198,DCV,02.4530,V,,,,,,,,
1199,DCV,02.4535,V,,,,,,,,
1200,DCV,02.4546,V,,,,,,,,
1201,DCV,02.4554,V,,,,,,,,
1202,DCV,02.4560,V,,,,,,,,
1203,DCV,02.4565,V,,,,,,,,
1204,DCV,02.4571,V,,,,,,,,
1205,DCV,02.4576,V,,,,,,,,
1206,DCV,02.4578,V,,,,,,,,
1207,DCV,02.4578,V,,,,,,,,
1208,DCV,02.4578,V,,,,,,,,
1209,DCV,02.4579,V,,,,,,,,
1210,DCV,02.4585,V,,,,,,,,
1211,DCV,02.4590,V,,,,,,,,
1212,DCV,02.4596,V,,,,,,,,
1213,DCV,02.4597,V,,,,,,,,
1214,DCV,02.4602,V,,,,,,,,
1215,DCV,02.4604,V,,,,,,,,
1216,DCV,02.4608,V,,,,,,,,
1217,DCV,02.4612,V,,,,,,,,
1218,DCV,02.4615,V,,,,,,,,
1219,DCV,02.4621,V,,,,,,,,
1220,DCV,02.4626,V,,,,,,,,
1221,DCV,02.4633,V,,,,,,,,
1222,DCV,02.4640,V,,,,,,,,
1223,DCV,02.4644,V,,,,,,,,
1224,DCV,02.4650,V,,,,,,,,
1225,DCV,02.4658,V,,,,,,,,
1226,DCV,02.4665,V,,,,,,,,
1227,DCV,02.4674,V,,,,,,,,
1228,DCV,02.4678,V,,,,,,,,
1229,DCV,02.4683,V,,,,,,,,
1230,DCV,02.4688,V,,,,,,,,
1231,DCV,02.4689,V,,,,,,,,
1232,DCV,02.4691,V,,,,,,,,
1233,DCV,02.4695,V,,,,,,,,
1234,DCV,02.4699,V,,,,,,,,
1235,DCV,02.4702,V,,,,,,,,
1236,DCV,02.4705,V,,,,,,,,
1237,DCV,02.4708,V,,,,,,,,
1238,DCV,02.4710,V,,,,,,,,
1239,DCV,02.4716,V,,,,,,,,
1240,DCV,02.4722,V,,,,,,,,
1241,DCV,02.4729,V,,,,,,,,
1242,DCV,02.4736,V,,,,,,,,
1243,DCV,02.4743,V,,,,,,,,
1244,DCV,02.4737,V,,,,,,,,
MAX,941,DCV,02.5416,V,
MIN,1,DCV,-00.0287,V,
