START,2022/03/25,09:08:21,
ID,170800000,
INTERVAL,010,sec,
,MAIN,,,SUB-1,,,SUB-2,,,Remark,
No. ,Func. ,Value,Unit,Func. ,Value,Unit,Func. ,Value,Unit,
1,DCV,01.3569,V,,,,,,,,
2,DCV,01.3569,V,,,,,,,,
3,DCV,01.3570,V,,,,,,,,
4,DCV,01.3572,V,,,,,,,,
5,DCV,01.3572,V,,,,,,,,
6,DCV,01.3573,V,,,,,,,,
7,DCV,01.3573,V,,,,,,,,
8,DCV,01.3574,V,,,,,,,,
9,DCV,01.3574,V,,,,,,,,
10,DCV,01.3575,V,,,,,,,,
11,DCV,01.3576,V,,,,,,,,
12,DCV,01.3577,V,,,,,,,,
13,DCV,01.3578,V,,,,,,,,
14,DCV,01.3578,V,,,,,,,,
15,DCV,01.3579,V,,,,,,,,
16,DCV,01.3580,V,,,,,,,,
17,DCV,01.3581,V,,,,,,,,
18,DCV,01.3583,V,,,,,,,,
19,DCV,01.3584,V,,,,,,,,
20,DCV,01.3584,V,,,,,,,,
21,DCV,01.3584,V,,,,,,,,
22,DCV,01.3585,V,,,,,,,,
23,DCV,01.3586,V,,,,,,,,
24,DCV,01.3587,V,,,,,,,,
25,DCV,01.3588,V,,,,,,,,
26,DCV,01.3589,V,,,,,,,,
27,DCV,01.3590,V,,,,,,,,
28,DCV,01.3592,V,,,,,,,,
29,DCV,01.3592,V,,,,,,,,
30,DCV,01.3593,V,,,,,,,,
31,DCV,01.3594,V,,,,,,,,
32,DCV,01.3597,V,,,,,,,,
33,DCV,01.3597,V,,,,,,,,
34,DCV,01.3598,V,,,,,,,,
35,DCV,01.3599,V,,,,,,,,
36,DCV,01.3599,V,,,,,,,,
37,DCV,01.3600,V,,,,,,,,
38,DCV,01.3601,V,,,,,,,,
39,DCV,01.3602,V,,,,,,,,
40,DCV,01.3602,V,,,,,,,,
41,DCV,01.3602,V,,,,,,,,
42,DCV,01.3606,V,,,,,,,,
43,DCV,01.3606,V,,,,,,,,
44,DCV,01.3607,V,,,,,,,,
45,DCV,01.3608,V,,,,,,,,
46,DCV,01.3608,V,,,,,,,,
47,DCV,01.3609,V,,,,,,,,
48,DCV,01.3609,V,,,,,,,,
49,DCV,01.3612,V,,,,,,,,
50,DCV,01.3612,V,,,,,,,,
51,DCV,01.3613,V,,,,,,,,
52,DCV,01.3613,V,,,,,,,,
53,DCV,01.3614,V,,,,,,,,
54,DCV,01.3616,V,,,,,,,,
55,DCV,01.3617,V,,,,,,,,
56,DCV,01.3617,V,,,,,,,,
57,DCV,01.3618,V,,,,,,,,
58,DCV,01.3619,V,,,,,,,,
59,DCV,01.3620,V,,,,,,,,
60,DCV,01.3622,V,,,,,,,,
61,DCV,01.3623,V,,,,,,,,
62,DCV,01.3622,V,,,,,,,,
63,DCV,01.3623,V,,,,,,,,
64,DCV,01.3624,V,,,,,,,,
65,DCV,01.3625,V,,,,,,,,
66,DCV,01.3624,V,,,,,,,,
67,DCV,01.3627,V,,,,,,,,
68,DCV,01.3628,V,,,,,,,,
69,DCV,01.3628,V,,,,,,,,
70,DCV,01.3629,V,,,,,,,,
71,DCV,01.3630,V,,,,,,,,
72,DCV,01.3631,V,,,,,,,,
73,DCV,01.3633,V,,,,,,,,
74,DCV,01.3633,V,,,,,,,,
75,DCV,01.3633,V,,,,,,,,
76,DCV,01.3634,V,,,,,,,,
77,DCV,01.3635,V,,,,,,,,
78,DCV,01.3635,V,,,,,,,,
79,DCV,01.3637,V,,,,,,,,
80,DCV,01.3637,V,,,,,,,,
81,DCV,01.3638,V,,,,,,,,
82,DCV,01.3639,V,,,,,,,,
83,DCV,01.3641,V,,,,,,,,
84,DCV,01.3642,V,,,,,,,,
85,DCV,01.3643,V,,,,,,,,
86,DCV,01.3644,V,,,,,,,,
87,DCV,01.3644,V,,,,,,,,
88,DCV,01.3645,V,,,,,,,,
89,DCV,01.3646,V,,,,,,,,
90,DCV,01.3647,V,,,,,,,,
91,DCV,01.3648,V,,,,,,,,
92,DCV,01.3649,V,,,,,,,,
93,DCV,01.3650,V,,,,,,,,
94,DCV,01.3651,V,,,,,,,,
95,DCV,01.3651,V,,,,,,,,
96,DCV,01.3654,V,,,,,,,,
97,DCV,01.3654,V,,,,,,,,
98,DCV,01.3654,V,,,,,,,,
99,DCV,01.3656,V,,,,,,,,
100,DCV,01.3656,V,,,,,,,,
101,DCV,01.3656,V,,,,,,,,
102,DCV,01.3658,V,,,,,,,,
103,DCV,01.3658,V,,,,,,,,
104,DCV,01.3660,V,,,,,,,,
105,DCV,01.3660,V,,,,,,,,
106,DCV,01.3661,V,,,,,,,,
107,DCV,01.3662,V,,,,,,,,
108,DCV,01.3662,V,,,,,,,,
109,DCV,01.3663,V,,,,,,,,
110,DCV,01.3665,V,,,,,,,,
111,DCV,01.3664,V,,,,,,,,
112,DCV,01.3665,V,,,,,,,,
113,DCV,01.3666,V,,,,,,,,
114,DCV,01.3665,V,,,,,,,,
115,DCV,01.3665,V,,,,,,,,
116,DCV,01.3666,V,,,,,,,,
117,DCV,01.3665,V,,,,,,,,
118,DCV,01.3665,V,,,,,,,,
119,DCV,01.3664,V,,,,,,,,
120,DCV,01.3665,V,,,,,,,,
121,DCV,01.3665,V,,,,,,,,
122,DCV,01.3663,V,,,,,,,,
123,DCV,01.3664,V,,,,,,,,
124,DCV,01.3665,V,,,,,,,,
125,DCV,01.3663,V,,,,,,,,
126,DCV,01.3663,V,,,,,,,,
127,DCV,01.3663,V,,,,,,,,
128,DCV,01.3663,V,,,,,,,,
129,DCV,01.3661,V,,,,,,,,
130,DCV,01.3663,V,,,,,,,,
131,DCV,01.3662,V,,,,,,,,
132,DCV,01.3663,V,,,,,,,,
133,DCV,01.3662,V,,,,,,,,
134,DCV,01.3663,V,,,,,,,,
135,DCV,01.3661,V,,,,,,,,
136,DCV,01.3662,V,,,,,,,,
137,DCV,01.3662,V,,,,,,,,
138,DCV,01.3663,V,,,,,,,,
139,DCV,01.3662,V,,,,,,,,
140,DCV,01.3662,V,,,,,,,,
141,DCV,01.3662,V,,,,,,,,
142,DCV,01.3663,V,,,,,,,,
143,DCV,01.3663,V,,,,,,,,
144,DCV,01.3663,V,,,,,,,,
145,DCV,01.3665,V,,,,,,,,
146,DCV,01.3665,V,,,,,,,,
147,DCV,01.3664,V,,,,,,,,
148,DCV,01.3666,V,,,,,,,,
149,DCV,01.3667,V,,,,,,,,
150,DCV,01.3668,V,,,,,,,,
151,DCV,01.3669,V,,,,,,,,
152,DCV,01.3669,V,,,,,,,,
153,DCV,01.3670,V,,,,,,,,
154,DCV,01.3672,V,,,,,,,,
155,DCV,01.3673,V,,,,,,,,
156,DCV,01.3674,V,,,,,,,,
157,DCV,01.3674,V,,,,,,,,
158,DCV,01.3675,V,,,,,,,,
159,DCV,01.3675,V,,,,,,,,
160,DCV,01.3677,V,,,,,,,,
161,DCV,01.3679,V,,,,,,,,
162,DCV,01.3680,V,,,,,,,,
163,DCV,01.3681,V,,,,,,,,
164,DCV,01.3682,V,,,,,,,,
165,DCV,01.3683,V,,,,,,,,
166,DCV,01.3685,V,,,,,,,,
167,DCV,01.3685,V,,,,,,,,
168,DCV,01.3687,V,,,,,,,,
169,DCV,01.3688,V,,,,,,,,
170,DCV,01.3690,V,,,,,,,,
171,DCV,01.3692,V,,,,,,,,
172,DCV,01.3692,V,,,,,,,,
173,DCV,01.3694,V,,,,,,,,
174,DCV,01.3693,V,,,,,,,,
175,DCV,01.3694,V,,,,,,,,
176,DCV,01.3694,V,,,,,,,,
177,DCV,01.3694,V,,,,,,,,
178,DCV,01.3692,V,,,,,,,,
179,DCV,01.3693,V,,,,,,,,
180,DCV,01.3695,V,,,,,,,,
181,DCV,01.3695,V,,,,,,,,
182,DCV,01.3696,V,,,,,,,,
183,DCV,01.3697,V,,,,,,,,
184,DCV,01.3698,V,,,,,,,,
185,DCV,01.3698,V,,,,,,,,
186,DCV,01.3699,V,,,,,,,,
187,DCV,01.3700,V,,,,,,,,
188,DCV,01.3700,V,,,,,,,,
189,DCV,01.3702,V,,,,,,,,
190,DCV,01.3703,V,,,,,,,,
191,DCV,01.3703,V,,,,,,,,
192,DCV,01.3705,V,,,,,,,,
193,DCV,01.3707,V,,,,,,,,
194,DCV,01.3708,V,,,,,,,,
195,DCV,01.3709,V,,,,,,,,
196,DCV,01.3710,V,,,,,,,,
197,DCV,01.3712,V,,,,,,,,
198,DCV,01.3712,V,,,,,,,,
199,DCV,01.3715,V,,,,,,,,
200,DCV,01.3715,V,,,,,,,,
201,DCV,01.3716,V,,,,,,,,
202,DCV,01.3717,V,,,,,,,,
203,DCV,01.3719,V,,,,,,,,
204,DCV,01.3720,V,,,,,,,,
205,DCV,01.3720,V,,,,,,,,
206,DCV,01.3722,V,,,,,,,,
207,DCV,01.3722,V,,,,,,,,
208,DCV,01.3723,V,,,,,,,,
209,DCV,01.3724,V,,,,,,,,
210,DCV,01.3724,V,,,,,,,,
211,DCV,01.3726,V,,,,,,,,
212,DCV,01.3727,V,,,,,,,,
213,DCV,01.3727,V,,,,,,,,
214,DCV,01.3728,V,,,,,,,,
215,DCV,01.3728,V,,,,,,,,
216,DCV,01.3729,V,,,,,,,,
217,DCV,01.3730,V,,,,,,,,
218,DCV,01.3731,V,,,,,,,,
219,DCV,01.3731,V,,,,,,,,
220,DCV,01.3733,V,,,,,,,,
221,DCV,01.3735,V,,,,,,,,
222,DCV,01.3735,V,,,,,,,,
223,DCV,01.3736,V,,,,,,,,
224,DCV,01.3738,V,,,,,,,,
225,DCV,01.3740,V,,,,,,,,
226,DCV,01.3741,V,,,,,,,,
227,DCV,01.3744,V,,,,,,,,
228,DCV,01.3744,V,,,,,,,,
229,DCV,01.3745,V,,,,,,,,
230,DCV,01.3746,V,,,,,,,,
231,DCV,01.3747,V,,,,,,,,
232,DCV,01.3748,V,,,,,,,,
233,DCV,01.3749,V,,,,,,,,
234,DCV,01.3750,V,,,,,,,,
235,DCV,01.3752,V,,,,,,,,
236,DCV,01.3753,V,,,,,,,,
237,DCV,01.3754,V,,,,,,,,
238,DCV,01.3756,V,,,,,,,,
239,DCV,01.3758,V,,,,,,,,
240,DCV,01.3758,V,,,,,,,,
241,DCV,01.3760,V,,,,,,,,
242,DCV,01.3761,V,,,,,,,,
243,DCV,01.3762,V,,,,,,,,
244,DCV,01.3764,V,,,,,,,,
245,DCV,01.3765,V,,,,,,,,
246,DCV,01.3765,V,,,,,,,,
247,DCV,01.3767,V,,,,,,,,
248,DCV,01.3768,V,,,,,,,,
249,DCV,01.3768,V,,,,,,,,
250,DCV,01.3770,V,,,,,,,,
251,DCV,01.3770,V,,,,,,,,
252,DCV,01.3785,V,,,,,,,,
253,DCV,01.3787,V,,,,,,,,
254,DCV,01.3787,V,,,,,,,,
255,DCV,01.3789,V,,,,,,,,
256,DCV,01.3790,V,,,,,,,,
257,DCV,01.3792,V,,,,,,,,
258,DCV,01.3791,V,,,,,,,,
259,DCV,01.3792,V,,,,,,,,
260,DCV,01.3794,V,,,,,,,,
261,DCV,01.3793,V,,,,,,,,
262,DCV,01.3793,V,,,,,,,,
263,DCV,01.3792,V,,,,,,,,
264,DCV,01.3792,V,,,,,,,,
265,DCV,01.3793,V,,,,,,,,
266,DCV,01.3793,V,,,,,,,,
267,DCV,01.3794,V,,,,,,,,
268,DCV,01.3793,V,,,,,,,,
269,DCV,01.3793,V,,,,,,,,
270,DCV,01.3793,V,,,,,,,,
271,DCV,01.3792,V,,,,,,,,
272,DCV,01.3793,V,,,,,,,,
273,DCV,01.3793,V,,,,,,,,
274,DCV,01.3793,V,,,,,,,,
275,DCV,01.3793,V,,,,,,,,
276,DCV,01.3793,V,,,,,,,,
277,DCV,01.3795,V,,,,,,,,
278,DCV,01.3795,V,,,,,,,,
279,DCV,01.3794,V,,,,,,,,
280,DCV,01.3794,V,,,,,,,,
281,DCV,01.3792,V,,,,,,,,
282,DCV,01.3794,V,,,,,,,,
283,DCV,01.3794,V,,,,,,,,
284,DCV,01.3793,V,,,,,,,,
285,DCV,01.3792,V,,,,,,,,
286,DCV,01.3792,V,,,,,,,,
287,DCV,01.3792,V,,,,,,,,
288,DCV,01.3792,V,,,,,,,,
289,DCV,01.3792,V,,,,,,,,
290,DCV,01.3792,V,,,,,,,,
291,DCV,01.3791,V,,,,,,,,
292,DCV,01.3791,V,,,,,,,,
293,DCV,01.3791,V,,,,,,,,
294,DCV,01.3792,V,,,,,,,,
295,DCV,01.3791,V,,,,,,,,
296,DCV,01.3790,V,,,,,,,,
297,DCV,01.3791,V,,,,,,,,
298,DCV,01.3791,V,,,,,,,,
299,DCV,01.3791,V,,,,,,,,
300,DCV,01.3791,V,,,,,,,,
301,DCV,01.3790,V,,,,,,,,
302,DCV,01.3791,V,,,,,,,,
303,DCV,01.3791,V,,,,,,,,
304,DCV,01.3790,V,,,,,,,,
305,DCV,01.3790,V,,,,,,,,
306,DCV,01.3789,V,,,,,,,,
307,DCV,01.3789,V,,,,,,,,
308,DCV,01.3788,V,,,,,,,,
309,DCV,01.3789,V,,,,,,,,
310,DCV,01.3789,V,,,,,,,,
311,DCV,01.3789,V,,,,,,,,
312,DCV,01.3789,V,,,,,,,,
313,DCV,01.3789,V,,,,,,,,
314,DCV,01.3788,V,,,,,,,,
315,DCV,01.3789,V,,,,,,,,
316,DCV,01.3789,V,,,,,,,,
317,DCV,01.3789,V,,,,,,,,
318,DCV,01.3788,V,,,,,,,,
319,DCV,01.3788,V,,,,,,,,
320,DCV,01.3790,V,,,,,,,,
321,DCV,01.3790,V,,,,,,,,
322,DCV,01.3789,V,,,,,,,,
323,DCV,01.3788,V,,,,,,,,
324,DCV,01.3788,V,,,,,,,,
325,DCV,01.3788,V,,,,,,,,
326,DCV,01.3787,V,,,,,,,,
327,DCV,01.3788,V,,,,,,,,
328,DCV,01.3789,V,,,,,,,,
329,DCV,01.3790,V,,,,,,,,
330,DCV,01.3789,V,,,,,,,,
331,DCV,01.3789,V,,,,,,,,
332,DCV,01.3792,V,,,,,,,,
333,DCV,01.3792,V,,,,,,,,
334,DCV,01.3794,V,,,,,,,,
335,DCV,01.3796,V,,,,,,,,
336,DCV,01.3797,V,,,,,,,,
337,DCV,01.3800,V,,,,,,,,
338,DCV,01.3800,V,,,,,,,,
339,DCV,01.3803,V,,,,,,,,
340,DCV,01.3804,V,,,,,,,,
341,DCV,01.3806,V,,,,,,,,
342,DCV,01.3807,V,,,,,,,,
343,DCV,01.3810,V,,,,,,,,
344,DCV,01.3811,V,,,,,,,,
345,DCV,01.3813,V,,,,,,,,
346,DCV,01.3815,V,,,,,,,,
347,DCV,01.3817,V,,,,,,,,
348,DCV,01.3817,V,,,,,,,,
349,DCV,01.3818,V,,,,,,,,
350,DCV,01.3819,V,,,,,,,,
351,DCV,01.3819,V,,,,,,,,
352,DCV,01.3819,V,,,,,,,,
353,DCV,01.3818,V,,,,,,,,
354,DCV,01.3820,V,,,,,,,,
355,DCV,01.3820,V,,,,,,,,
356,DCV,01.3821,V,,,,,,,,
357,DCV,01.3820,V,,,,,,,,
358,DCV,01.3820,V,,,,,,,,
359,DCV,01.3820,V,,,,,,,,
360,DCV,01.3819,V,,,,,,,,
361,DCV,01.3819,V,,,,,,,,
362,DCV,01.3820,V,,,,,,,,
363,DCV,01.3819,V,,,,,,,,
364,DCV,01.3821,V,,,,,,,,
365,DCV,01.3822,V,,,,,,,,
366,DCV,01.3824,V,,,,,,,,
367,DCV,01.3825,V,,,,,,,,
368,DCV,01.3827,V,,,,,,,,
369,DCV,01.3827,V,,,,,,,,
370,DCV,01.3828,V,,,,,,,,
371,DCV,01.3831,V,,,,,,,,
372,DCV,01.3832,V,,,,,,,,
373,DCV,01.3834,V,,,,,,,,
374,DCV,01.3835,V,,,,,,,,
375,DCV,01.3836,V,,,,,,,,
376,DCV,01.3837,V,,,,,,,,
377,DCV,01.3839,V,,,,,,,,
378,DCV,01.3841,V,,,,,,,,
379,DCV,01.3843,V,,,,,,,,
380,DCV,01.3845,V,,,,,,,,
381,DCV,01.3847,V,,,,,,,,
382,DCV,01.3849,V,,,,,,,,
383,DCV,01.3851,V,,,,,,,,
384,DCV,01.3853,V,,,,,,,,
385,DCV,01.3855,V,,,,,,,,
386,DCV,01.3857,V,,,,,,,,
387,DCV,01.3857,V,,,,,,,,
388,DCV,01.3857,V,,,,,,,,
389,DCV,01.3858,V,,,,,,,,
390,DCV,01.3859,V,,,,,,,,
391,DCV,01.3858,V,,,,,,,,
392,DCV,01.3861,V,,,,,,,,
393,DCV,01.3862,V,,,,,,,,
394,DCV,01.3863,V,,,,,,,,
395,DCV,01.3865,V,,,,,,,,
396,DCV,01.3867,V,,,,,,,,
397,DCV,01.3867,V,,,,,,,,
398,DCV,01.3866,V,,,,,,,,
399,DCV,01.3867,V,,,,,,,,
400,DCV,01.3867,V,,,,,,,,
401,DCV,01.3867,V,,,,,,,,
402,DCV,01.3868,V,,,,,,,,
403,DCV,01.3867,V,,,,,,,,
404,DCV,01.3868,V,,,,,,,,
405,DCV,01.3870,V,,,,,,,,
406,DCV,01.3869,V,,,,,,,,
407,DCV,01.3869,V,,,,,,,,
408,DCV,01.3871,V,,,,,,,,
409,DCV,01.3871,V,,,,,,,,
410,DCV,01.3871,V,,,,,,,,
411,DCV,01.3870,V,,,,,,,,
412,DCV,01.3872,V,,,,,,,,
413,DCV,01.3871,V,,,,,,,,
414,DCV,01.3871,V,,,,,,,,
415,DCV,01.3872,V,,,,,,,,
416,DCV,01.3872,V,,,,,,,,
417,DCV,01.3871,V,,,,,,,,
418,DCV,01.3872,V,,,,,,,,
419,DCV,01.3872,V,,,,,,,,
420,DCV,01.3872,V,,,,,,,,
421,DCV,01.3872,V,,,,,,,,
422,DCV,01.3872,V,,,,,,,,
423,DCV,01.3872,V,,,,,,,,
424,DCV,01.3872,V,,,,,,,,
425,DCV,01.3871,V,,,,,,,,
426,DCV,01.3871,V,,,,,,,,
427,DCV,01.3872,V,,,,,,,,
428,DCV,01.3871,V,,,,,,,,
429,DCV,01.3872,V,,,,,,,,
430,DCV,01.3871,V,,,,,,,,
431,DCV,01.3870,V,,,,,,,,
432,DCV,01.3870,V,,,,,,,,
433,DCV,01.3870,V,,,,,,,,
434,DCV,01.3869,V,,,,,,,,
435,DCV,01.3870,V,,,,,,,,
436,DCV,01.3870,V,,,,,,,,
437,DCV,01.3870,V,,,,,,,,
438,DCV,01.3870,V,,,,,,,,
439,DCV,01.3870,V,,,,,,,,
440,DCV,01.3870,V,,,,,,,,
441,DCV,01.3870,V,,,,,,,,
442,DCV,01.3871,V,,,,,,,,
443,DCV,01.3870,V,,,,,,,,
444,DCV,01.3870,V,,,,,,,,
445,DCV,01.3871,V,,,,,,,,
446,DCV,01.3872,V,,,,,,,,
447,DCV,01.3871,V,,,,,,,,
448,DCV,01.3873,V,,,,,,,,
449,DCV,01.3874,V,,,,,,,,
450,DCV,01.3875,V,,,,,,,,
451,DCV,01.3875,V,,,,,,,,
452,DCV,01.3878,V,,,,,,,,
453,DCV,01.3879,V,,,,,,,,
454,DCV,01.3881,V,,,,,,,,
455,DCV,01.3883,V,,,,,,,,
456,DCV,01.3884,V,,,,,,,,
457,DCV,01.3886,V,,,,,,,,
458,DCV,01.3887,V,,,,,,,,
459,DCV,01.3890,V,,,,,,,,
460,DCV,01.3891,V,,,,,,,,
461,DCV,01.3893,V,,,,,,,,
462,DCV,01.3894,V,,,,,,,,
463,DCV,01.3895,V,,,,,,,,
464,DCV,01.3895,V,,,,,,,,
465,DCV,01.3896,V,,,,,,,,
466,DCV,01.3897,V,,,,,,,,
467,DCV,01.3899,V,,,,,,,,
468,DCV,01.3901,V,,,,,,,,
469,DCV,01.3904,V,,,,,,,,
470,DCV,01.3907,V,,,,,,,,
471,DCV,01.3909,V,,,,,,,,
472,DCV,01.3910,V,,,,,,,,
473,DCV,01.3912,V,,,,,,,,
474,DCV,01.3916,V,,,,,,,,
475,DCV,01.3917,V,,,,,,,,
476,DCV,01.3919,V,,,,,,,,
477,DCV,01.3920,V,,,,,,,,
478,DCV,01.3923,V,,,,,,,,
479,DCV,01.3925,V,,,,,,,,
480,DCV,01.3927,V,,,,,,,,
481,DCV,01.3928,V,,,,,,,,
482,DCV,01.3933,V,,,,,,,,
483,DCV,01.3934,V,,,,,,,,
484,DCV,01.3936,V,,,,,,,,
485,DCV,01.3936,V,,,,,,,,
486,DCV,01.3938,V,,,,,,,,
487,DCV,01.3937,V,,,,,,,,
488,DCV,01.3938,V,,,,,,,,
489,DCV,01.3937,V,,,,,,,,
490,DCV,01.3937,V,,,,,,,,
491,DCV,01.3938,V,,,,,,,,
492,DCV,01.3938,V,,,,,,,,
493,DCV,01.3939,V,,,,,,,,
494,DCV,01.3938,V,,,,,,,,
495,DCV,01.3939,V,,,,,,,,
496,DCV,01.3938,V,,,,,,,,
497,DCV,01.3939,V,,,,,,,,
498,DCV,01.3939,V,,,,,,,,
499,DCV,01.3939,V,,,,,,,,
500,DCV,01.3940,V,,,,,,,,
501,DCV,01.3939,V,,,,,,,,
502,DCV,01.3940,V,,,,,,,,
503,DCV,01.3941,V,,,,,,,,
504,DCV,01.3940,V,,,,,,,,
505,DCV,01.3940,V,,,,,,,,
506,DCV,01.3940,V,,,,,,,,
507,DCV,01.3938,V,,,,,,,,
508,DCV,01.3939,V,,,,,,,,
509,DCV,01.3938,V,,,,,,,,
510,DCV,01.3938,V,,,,,,,,
511,DCV,01.3938,V,,,,,,,,
512,DCV,01.3938,V,,,,,,,,
513,DCV,01.3939,V,,,,,,,,
514,DCV,01.3939,V,,,,,,,,
515,DCV,01.3940,V,,,,,,,,
516,DCV,01.3939,V,,,,,,,,
517,DCV,01.3939,V,,,,,,,,
518,DCV,01.3939,V,,,,,,,,
519,DCV,01.3938,V,,,,,,,,
520,DCV,01.3938,V,,,,,,,,
521,DCV,01.3939,V,,,,,,,,
522,DCV,01.3939,V,,,,,,,,
523,DCV,01.3938,V,,,,,,,,
524,DCV,01.3939,V,,,,,,,,
525,DCV,01.3938,V,,,,,,,,
526,DCV,01.3938,V,,,,,,,,
527,DCV,01.3938,V,,,,,,,,
528,DCV,01.3938,V,,,,,,,,
529,DCV,01.3937,V,,,,,,,,
530,DCV,01.3938,V,,,,,,,,
531,DCV,01.3938,V,,,,,,,,
532,DCV,01.3937,V,,,,,,,,
533,DCV,01.3937,V,,,,,,,,
534,DCV,01.3938,V,,,,,,,,
535,DCV,01.3938,V,,,,,,,,
536,DCV,01.3938,V,,,,,,,,
537,DCV,01.3938,V,,,,,,,,
538,DCV,01.3939,V,,,,,,,,
539,DCV,01.3937,V,,,,,,,,
540,DCV,01.3938,V,,,,,,,,
541,DCV,01.3938,V,,,,,,,,
542,DCV,01.3938,V,,,,,,,,
543,DCV,01.3937,V,,,,,,,,
544,DCV,01.3939,V,,,,,,,,
545,DCV,01.3937,V,,,,,,,,
546,DCV,01.3939,V,,,,,,,,
547,DCV,01.3940,V,,,,,,,,
548,DCV,01.3939,V,,,,,,,,
549,DCV,01.3941,V,,,,,,,,
550,DCV,01.3942,V,,,,,,,,
551,DCV,01.3942,V,,,,,,,,
552,DCV,01.3944,V,,,,,,,,
553,DCV,01.3945,V,,,,,,,,
554,DCV,01.3948,V,,,,,,,,
555,DCV,01.3949,V,,,,,,,,
556,DCV,01.3951,V,,,,,,,,
557,DCV,01.3953,V,,,,,,,,
558,DCV,01.3955,V,,,,,,,,
559,DCV,01.3958,V,,,,,,,,
560,DCV,01.3960,V,,,,,,,,
561,DCV,01.3961,V,,,,,,,,
562,DCV,01.3964,V,,,,,,,,
563,DCV,01.3965,V,,,,,,,,
564,DCV,01.3967,V,,,,,,,,
565,DCV,01.3970,V,,,,,,,,
566,DCV,01.3972,V,,,,,,,,
567,DCV,01.3973,V,,,,,,,,
568,DCV,01.3976,V,,,,,,,,
569,DCV,01.3979,V,,,,,,,,
570,DCV,01.3980,V,,,,,,,,
571,DCV,01.3983,V,,,,,,,,
572,DCV,01.3986,V,,,,,,,,
573,DCV,01.4099,V,,,,,,,,
574,DCV,01.4476,V,,,,,,,,
575,DCV,01.4614,V,,,,,,,,
576,DCV,01.4667,V,,,,,,,,
577,DCV,01.4707,V,,,,,,,,
578,DCV,01.4747,V,,,,,,,,
579,DCV,01.4786,V,,,,,,,,
580,DCV,01.4822,V,,,,,,,,
581,DCV,01.4860,V,,,,,,,,
582,DCV,01.4900,V,,,,,,,,
583,DCV,01.4947,V,,,,,,,,
584,DCV,01.5021,V,,,,,,,,
585,DCV,01.5119,V,,,,,,,,
586,DCV,01.5318,V,,,,,,,,
587,DCV,01.5641,V,,,,,,,,
588,DCV,01.6013,V,,,,,,,,
589,DCV,01.6378,V,,,,,,,,
590,DCV,01.6735,V,,,,,,,,
591,DCV,01.7039,V,,,,,,,,
592,DCV,01.7342,V,,,,,,,,
593,DCV,01.7603,V,,,,,,,,
594,DCV,01.7885,V,,,,,,,,
595,DCV,01.8221,V,,,,,,,,
596,DCV,01.8541,V,,,,,,,,
597,DCV,01.8839,V,,,,,,,,
598,DCV,01.9161,V,,,,,,,,
599,DCV,01.9477,V,,,,,,,,
600,DCV,01.9783,V,,,,,,,,
601,DCV,02.0087,V,,,,,,,,
602,DCV,02.0384,V,,,,,,,,
603,DCV,02.0681,V,,,,,,,,
604,DCV,02.0970,V,,,,,,,,
605,DCV,02.1254,V,,,,,,,,
606,DCV,02.1535,V,,,,,,,,
607,DCV,02.1811,V,,,,,,,,
608,DCV,02.2084,V,,,,,,,,
609,DCV,02.2353,V,,,,,,,,
610,DCV,02.2453,V,,,,,,,,
611,DCV,02.2449,V,,,,,,,,
612,DCV,02.2452,V,,,,,,,,
613,DCV,02.2493,V,,,,,,,,
614,DCV,02.2735,V,,,,,,,,
615,DCV,02.2995,V,,,,,,,,
616,DCV,02.3257,V,,,,,,,,
617,DCV,02.3513,V,,,,,,,,
618,DCV,02.3770,V,,,,,,,,
619,DCV,02.4019,V,,,,,,,,
620,DCV,02.4262,V,,,,,,,,
621,DCV,02.4505,V,,,,,,,,
622,DCV,02.4743,V,,,,,,,,
623,DCV,02.4972,V,,,,,,,,
624,DCV,02.5201,V,,,,,,,,
625,DCV,02.5424,V,,,,,,,,
626,DCV,02.5643,V,,,,,,,,
627,DCV,02.5862,V,,,,,,,,
628,DCV,02.6075,V,,,,,,,,
629,DCV,02.6286,V,,,,,,,,
630,DCV,02.6495,V,,,,,,,,
631,DCV,02.6695,V,,,,,,,,
632,DCV,02.6895,V,,,,,,,,
633,DCV,02.7088,V,,,,,,,,
634,DCV,02.7278,V,,,,,,,,
635,DCV,02.7463,V,,,,,,,,
636,DCV,02.7648,V,,,,,,,,
637,DCV,02.7830,V,,,,,,,,
638,DCV,02.8008,V,,,,,,,,
639,DCV,02.8182,V,,,,,,,,
640,DCV,02.8354,V,,,,,,,,
641,DCV,02.8523,V,,,,,,,,
642,DCV,02.8678,V,,,,,,,,
643,DCV,02.8648,V,,,,,,,,
644,DCV,02.8612,V,,,,,,,,
645,DCV,02.8594,V,,,,,,,,
646,DCV,02.8555,V,,,,,,,,
647,DCV,02.8507,V,,,,,,,,
648,DCV,02.8455,V,,,,,,,,
649,DCV,02.8405,V,,,,,,,,
650,DCV,02.8359,V,,,,,,,,
651,DCV,02.8312,V,,,,,,,,
652,DCV,02.8275,V,,,,,,,,
653,DCV,02.8238,V,,,,,,,,
654,DCV,02.8210,V,,,,,,,,
655,DCV,02.8232,V,,,,,,,,
656,DCV,02.8220,V,,,,,,,,
657,DCV,02.8209,V,,,,,,,,
658,DCV,02.8278,V,,,,,,,,
659,DCV,02.8326,V,,,,,,,,
660,DCV,02.8476,V,,,,,,,,
661,DCV,02.8684,V,,,,,,,,
662,DCV,02.8838,V,,,,,,,,
663,DCV,02.8850,V,,,,,,,,
664,DCV,02.8815,V,,,,,,,,
665,DCV,02.8777,V,,,,,,,,
666,DCV,02.8740,V,,,,,,,,
667,DCV,02.8705,V,,,,,,,,
668,DCV,02.8674,V,,,,,,,,
669,DCV,02.8664,V,,,,,,,,
670,DCV,02.8648,V,,,,,,,,
671,DCV,02.8620,V,,,,,,,,
672,DCV,02.8591,V,,,,,,,,
673,DCV,02.8562,V,,,,,,,,
674,DCV,02.8533,V,,,,,,,,
675,DCV,02.8505,V,,,,,,,,
676,DCV,02.8477,V,,,,,,,,
677,DCV,02.8452,V,,,,,,,,
678,DCV,02.8430,V,,,,,,,,
679,DCV,02.8412,V,,,,,,,,
680,DCV,02.8393,V,,,,,,,,
681,DCV,02.8379,V,,,,,,,,
682,DCV,02.8372,V,,,,,,,,
683,DCV,02.8384,V,,,,,,,,
684,DCV,02.8379,V,,,,,,,,
685,DCV,02.8368,V,,,,,,,,
686,DCV,02.8354,V,,,,,,,,
687,DCV,02.8338,V,,,,,,,,
688,DCV,02.8324,V,,,,,,,,
689,DCV,02.8310,V,,,,,,,,
690,DCV,02.8294,V,,,,,,,,
691,DCV,02.8277,V,,,,,,,,
692,DCV,02.8259,V,,,,,,,,
693,DCV,02.8242,V,,,,,,,,
694,DCV,02.8224,V,,,,,,,,
695,DCV,02.8202,V,,,,,,,,
696,DCV,02.8181,V,,,,,,,,
697,DCV,02.8162,V,,,,,,,,
698,DCV,02.8141,V,,,,,,,,
699,DCV,02.8120,V,,,,,,,,
700,DCV,02.8102,V,,,,,,,,
701,DCV,02.8081,V,,,,,,,,
702,DCV,02.8061,V,,,,,,,,
703,DCV,02.8043,V,,,,,,,,
704,DCV,02.8024,V,,,,,,,,
705,DCV,02.8008,V,,,,,,,,
706,DCV,02.7996,V,,,,,,,,
707,DCV,02.7988,V,,,,,,,,
708,DCV,02.7995,V,,,,,,,,
709,DCV,02.8147,V,,,,,,,,
710,DCV,02.8346,V,,,,,,,,
711,DCV,02.8560,V,,,,,,,,
712,DCV,02.8765,V,,,,,,,,
713,DCV,02.8876,V,,,,,,,,
714,DCV,02.8840,V,,,,,,,,
715,DCV,02.8804,V,,,,,,,,
716,DCV,02.8766,V,,,,,,,,
717,DCV,02.8730,V,,,,,,,,
718,DCV,02.8694,V,,,,,,,,
719,DCV,02.8661,V,,,,,,,,
720,DCV,02.8628,V,,,,,,,,
721,DCV,02.8594,V,,,,,,,,
722,DCV,02.8562,V,,,,,,,,
723,DCV,02.8530,V,,,,,,,,
724,DCV,02.8501,V,,,,,,,,
725,DCV,02.8470,V,,,,,,,,
726,DCV,02.8443,V,,,,,,,,
727,DCV,02.8415,V,,,,,,,,
728,DCV,02.8389,V,,,,,,,,
729,DCV,02.8361,V,,,,,,,,
730,DCV,02.8336,V,,,,,,,,
731,DCV,02.8312,V,,,,,,,,
732,DCV,02.8290,V,,,,,,,,
733,DCV,02.8269,V,,,,,,,,
734,DCV,02.8250,V,,,,,,,,
735,DCV,02.8232,V,,,,,,,,
736,DCV,02.8215,V,,,,,,,,
737,DCV,02.8199,V,,,,,,,,
738,DCV,02.8186,V,,,,,,,,
739,DCV,02.8175,V,,,,,,,,
740,DCV,02.8165,V,,,,,,,,
741,DCV,02.8156,V,,,,,,,,
742,DCV,02.8151,V,,,,,,,,
743,DCV,02.8145,V,,,,,,,,
744,DCV,02.8139,V,,,,,,,,
745,DCV,02.8138,V,,,,,,,,
746,DCV,02.8149,V,,,,,,,,
747,DCV,02.8149,V,,,,,,,,
748,DCV,02.8139,V,,,,,,,,
749,DCV,02.8135,V,,,,,,,,
750,DCV,02.8131,V,,,,,,,,
751,DCV,02.8127,V,,,,,,,,
752,DCV,02.8150,V,,,,,,,,
753,DCV,02.8301,V,,,,,,,,
754,DCV,02.8364,V,,,,,,,,
755,DCV,02.8349,V,,,,,,,,
756,DCV,02.8332,V,,,,,,,,
757,DCV,02.8319,V,,,,,,,,
758,DCV,02.8308,V,,,,,,,,
759,DCV,02.8306,V,,,,,,,,
760,DCV,02.8346,V,,,,,,,,
761,DCV,02.8368,V,,,,,,,,
762,DCV,02.8360,V,,,,,,,,
763,DCV,02.8352,V,,,,,,,,
764,DCV,02.8346,V,,,,,,,,
765,DCV,02.8345,V,,,,,,,,
766,DCV,02.8461,V,,,,,,,,
767,DCV,02.8659,V,,,,,,,,
768,DCV,02.8847,V,,,,,,,,
769,DCV,02.8966,V,,,,,,,,
770,DCV,02.8935,V,,,,,,,,
771,DCV,02.8901,V,,,,,,,,
772,DCV,02.8869,V,,,,,,,,
773,DCV,02.8834,V,,,,,,,,
774,DCV,02.8802,V,,,,,,,,
775,DCV,02.8768,V,,,,,,,,
776,DCV,02.8737,V,,,,,,,,
777,DCV,02.8708,V,,,,,,,,
778,DCV,02.8681,V,,,,,,,,
779,DCV,02.8660,V,,,,,,,,
780,DCV,02.8644,V,,,,,,,,
781,DCV,02.8629,V,,,,,,,,
782,DCV,02.8612,V,,,,,,,,
783,DCV,02.8598,V,,,,,,,,
784,DCV,02.8587,V,,,,,,,,
785,DCV,02.8637,V,,,,,,,,
786,DCV,02.8727,V,,,,,,,,
787,DCV,02.8719,V,,,,,,,,
788,DCV,02.8728,V,,,,,,,,
789,DCV,02.8760,V,,,,,,,,
790,DCV,02.8760,V,,,,,,,,
791,DCV,02.8757,V,,,,,,,,
792,DCV,02.8745,V,,,,,,,,
793,DCV,02.8731,V,,,,,,,,
794,DCV,02.8720,V,,,,,,,,
795,DCV,02.8704,V,,,,,,,,
796,DCV,02.8689,V,,,,,,,,
797,DCV,02.8687,V,,,,,,,,
798,DCV,02.8736,V,,,,,,,,
799,DCV,02.8924,V,,,,,,,,
800,DCV,02.9136,V,,,,,,,,
801,DCV,02.9340,V,,,,,,,,
802,DCV,02.9536,V,,,,,,,,
803,DCV,02.9722,V,,,,,,,,
804,DCV,02.9893,V,,,,,,,,
805,DCV,03.0059,V,,,,,,,,
806,DCV,03.0215,V,,,,,,,,
807,DCV,03.0354,V,,,,,,,,
808,DCV,03.0490,V,,,,,,,,
809,DCV,03.0611,V,,,,,,,,
810,DCV,03.0732,V,,,,,,,,
811,DCV,03.0845,V,,,,,,,,
812,DCV,03.0833,V,,,,,,,,
813,DCV,03.0817,V,,,,,,,,
814,DCV,03.0744,V,,,,,,,,
815,DCV,03.0663,V,,,,,,,,
816,DCV,03.0584,V,,,,,,,,
817,DCV,03.0509,V,,,,,,,,
818,DCV,03.0438,V,,,,,,,,
819,DCV,03.0372,V,,,,,,,,
820,DCV,03.0307,V,,,,,,,,
821,DCV,03.0246,V,,,,,,,,
822,DCV,03.0185,V,,,,,,,,
823,DCV,03.0129,V,,,,,,,,
824,DCV,03.0075,V,,,,,,,,
825,DCV,03.0022,V,,,,,,,,
826,DCV,02.9972,V,,,,,,,,
827,DCV,02.9924,V,,,,,,,,
828,DCV,02.9878,V,,,,,,,,
829,DCV,02.9831,V,,,,,,,,
830,DCV,02.9786,V,,,,,,,,
831,DCV,02.9745,V,,,,,,,,
832,DCV,02.9706,V,,,,,,,,
833,DCV,02.9666,V,,,,,,,,
834,DCV,02.9631,V,,,,,,,,
835,DCV,02.9598,V,,,,,,,,
836,DCV,02.9566,V,,,,,,,,
837,DCV,02.9535,V,,,,,,,,
838,DCV,02.9508,V,,,,,,,,
839,DCV,02.9484,V,,,,,,,,
840,DCV,02.9475,V,,,,,,,,
841,DCV,02.9574,V,,,,,,,,
842,DCV,02.9587,V,,,,,,,,
843,DCV,02.9715,V,,,,,,,,
844,DCV,02.9910,V,,,,,,,,
845,DCV,03.0086,V,,,,,,,,
846,DCV,03.0254,V,,,,,,,,
847,DCV,03.0328,V,,,,,,,,
848,DCV,03.0270,V,,,,,,,,
849,DCV,03.0218,V,,,,,,,,
850,DCV,03.0167,V,,,,,,,,
851,DCV,03.0119,V,,,,,,,,
852,DCV,03.0070,V,,,,,,,,
853,DCV,03.0020,V,,,,,,,,
854,DCV,02.9970,V,,,,,,,,
855,DCV,02.9920,V,,,,,,,,
856,DCV,02.9870,V,,,,,,,,
857,DCV,02.9819,V,,,,,,,,
858,DCV,02.9771,V,,,,,,,,
859,DCV,02.9727,V,,,,,,,,
860,DCV,02.9707,V,,,,,,,,
861,DCV,02.9815,V,,,,,,,,
862,DCV,02.9963,V,,,,,,,,
863,DCV,03.0133,V,,,,,,,,
864,DCV,03.0230,V,,,,,,,,
865,DCV,03.0174,V,,,,,,,,
866,DCV,03.0126,V,,,,,,,,
867,DCV,03.0183,V,,,,,,,,
868,DCV,03.0195,V,,,,,,,,
869,DCV,03.0144,V,,,,,,,,
870,DCV,03.0090,V,,,,,,,,
871,DCV,03.0040,V,,,,,,,,
872,DCV,02.9990,V,,,,,,,,
873,DCV,02.9940,V,,,,,,,,
874,DCV,02.9893,V,,,,,,,,
875,DCV,02.9845,V,,,,,,,,
876,DCV,02.9799,V,,,,,,,,
877,DCV,02.9756,V,,,,,,,,
878,DCV,02.9718,V,,,,,,,,
879,DCV,02.9689,V,,,,,,,,
880,DCV,02.9715,V,,,,,,,,
881,DCV,02.9861,V,,,,,,,,
882,DCV,03.0033,V,,,,,,,,
883,DCV,03.0201,V,,,,,,,,
884,DCV,03.0315,V,,,,,,,,
885,DCV,03.0338,V,,,,,,,,
886,DCV,03.0287,V,,,,,,,,
887,DCV,03.0228,V,,,,,,,,
888,DCV,03.0168,V,,,,,,,,
889,DCV,03.0110,V,,,,,,,,
890,DCV,03.0050,V,,,,,,,,
891,DCV,02.9990,V,,,,,,,,
892,DCV,02.9934,V,,,,,,,,
893,DCV,02.9877,V,,,,,,,,
894,DCV,02.9821,V,,,,,,,,
895,DCV,02.9768,V,,,,,,,,
896,DCV,02.9716,V,,,,,,,,
897,DCV,02.9666,V,,,,,,,,
898,DCV,02.9617,V,,,,,,,,
899,DCV,02.9571,V,,,,,,,,
900,DCV,02.9523,V,,,,,,,,
901,DCV,02.9480,V,,,,,,,,
902,DCV,02.9435,V,,,,,,,,
903,DCV,02.9392,V,,,,,,,,
904,DCV,02.9353,V,,,,,,,,
905,DCV,02.9312,V,,,,,,,,
906,DCV,02.9270,V,,,,,,,,
907,DCV,02.9232,V,,,,,,,,
908,DCV,02.9195,V,,,,,,,,
909,DCV,02.9154,V,,,,,,,,
910,DCV,02.9119,V,,,,,,,,
911,DCV,02.9083,V,,,,,,,,
912,DCV,02.9048,V,,,,,,,,
913,DCV,02.9015,V,,,,,,,,
914,DCV,02.8982,V,,,,,,,,
915,DCV,02.8950,V,,,,,,,,
916,DCV,02.8918,V,,,,,,,,
917,DCV,02.8886,V,,,,,,,,
918,DCV,02.8857,V,,,,,,,,
919,DCV,02.8827,V,,,,,,,,
920,DCV,02.8800,V,,,,,,,,
921,DCV,02.8774,V,,,,,,,,
922,DCV,02.8749,V,,,,,,,,
923,DCV,02.8723,V,,,,,,,,
924,DCV,02.8700,V,,,,,,,,
925,DCV,02.8680,V,,,,,,,,
926,DCV,02.8659,V,,,,,,,,
927,DCV,02.8640,V,,,,,,,,
928,DCV,02.8622,V,,,,,,,,
929,DCV,02.8605,V,,,,,,,,
930,DCV,02.8592,V,,,,,,,,
931,DCV,02.8580,V,,,,,,,,
932,DCV,02.8598,V,,,,,,,,
933,DCV,02.8720,V,,,,,,,,
934,DCV,02.8849,V,,,,,,,,
935,DCV,02.8998,V,,,,,,,,
936,DCV,02.9161,V,,,,,,,,
937,DCV,02.9331,V,,,,,,,,
938,DCV,02.9493,V,,,,,,,,
939,DCV,02.9664,V,,,,,,,,
940,DCV,02.9824,V,,,,,,,,
941,DCV,02.9984,V,,,,,,,,
942,DCV,03.0138,V,,,,,,,,
943,DCV,03.0287,V,,,,,,,,
944,DCV,03.0426,V,,,,,,,,
945,DCV,03.0554,V,,,,,,,,
946,DCV,03.0672,V,,,,,,,,
947,DCV,03.0786,V,,,,,,,,
948,DCV,03.0921,V,,,,,,,,
949,DCV,03.0846,V,,,,,,,,
950,DCV,03.0973,V,,,,,,,,
951,DCV,03.1107,V,,,,,,,,
952,DCV,03.1233,V,,,,,,,,
953,DCV,03.1349,V,,,,,,,,
954,DCV,03.1463,V,,,,,,,,
955,DCV,03.1564,V,,,,,,,,
956,DCV,03.1657,V,,,,,,,,
957,DCV,03.1743,V,,,,,,,,
958,DCV,03.1817,V,,,,,,,,
959,DCV,03.1881,V,,,,,,,,
960,DCV,03.1903,V,,,,,,,,
961,DCV,03.1841,V,,,,,,,,
962,DCV,03.1777,V,,,,,,,,
963,DCV,03.1803,V,,,,,,,,
964,DCV,03.1862,V,,,,,,,,
965,DCV,03.1923,V,,,,,,,,
966,DCV,03.1983,V,,,,,,,,
967,DCV,03.2038,V,,,,,,,,
968,DCV,03.2095,V,,,,,,,,
969,DCV,03.2150,V,,,,,,,,
970,DCV,03.2206,V,,,,,,,,
971,DCV,03.2255,V,,,,,,,,
972,DCV,03.2265,V,,,,,,,,
973,DCV,03.2186,V,,,,,,,,
974,DCV,03.2112,V,,,,,,,,
975,DCV,03.2025,V,,,,,,,,
976,DCV,03.1950,V,,,,,,,,
977,DCV,03.1882,V,,,,,,,,
978,DCV,03.1807,V,,,,,,,,
979,DCV,03.1717,V,,,,,,,,
980,DCV,03.1647,V,,,,,,,,
981,DCV,03.1591,V,,,,,,,,
982,DCV,03.1513,V,,,,,,,,
983,DCV,03.1440,V,,,,,,,,
984,DCV,03.1375,V,,,,,,,,
985,DCV,03.1329,V,,,,,,,,
986,DCV,03.1272,V,,,,,,,,
987,DCV,03.1207,V,,,,,,,,
988,DCV,03.1150,V,,,,,,,,
989,DCV,03.1113,V,,,,,,,,
990,DCV,03.1041,V,,,,,,,,
991,DCV,03.1007,V,,,,,,,,
992,DCV,03.0994,V,,,,,,,,
993,DCV,03.0985,V,,,,,,,,
994,DCV,03.0978,V,,,,,,,,
995,DCV,03.0969,V,,,,,,,,
996,DCV,03.0965,V,,,,,,,,
997,DCV,03.0956,V,,,,,,,,
998,DCV,03.0948,V,,,,,,,,
999,DCV,03.0938,V,,,,,,,,
1000,DCV,03.0927,V,,,,,,,,
1001,DCV,03.0921,V,,,,,,,,
1002,DCV,03.0915,V,,,,,,,,
1003,DCV,03.0907,V,,,,,,,,
1004,DCV,03.0903,V,,,,,,,,
1005,DCV,03.0898,V,,,,,,,,
1006,DCV,03.0891,V,,,,,,,,
1007,DCV,03.0888,V,,,,,,,,
1008,DCV,03.0883,V,,,,,,,,
1009,DCV,03.0879,V,,,,,,,,
1010,DCV,03.0870,V,,,,,,,,
1011,DCV,03.0862,V,,,,,,,,
1012,DCV,03.0855,V,,,,,,,,
1013,DCV,03.0847,V,,,,,,,,
1014,DCV,03.0841,V,,,,,,,,
1015,DCV,03.0835,V,,,,,,,,
1016,DCV,03.0826,V,,,,,,,,
1017,DCV,03.0818,V,,,,,,,,
1018,DCV,03.0811,V,,,,,,,,
1019,DCV,03.0801,V,,,,,,,,
1020,DCV,03.0790,V,,,,,,,,
1021,DCV,03.0777,V,,,,,,,,
1022,DCV,03.0764,V,,,,,,,,
1023,DCV,03.0753,V,,,,,,,,
1024,DCV,03.0739,V,,,,,,,,
1025,DCV,03.0721,V,,,,,,,,
1026,DCV,03.0705,V,,,,,,,,
1027,DCV,03.0690,V,,,,,,,,
1028,DCV,03.0675,V,,,,,,,,
1029,DCV,03.0660,V,,,,,,,,
1030,DCV,03.0646,V,,,,,,,,
1031,DCV,03.0631,V,,,,,,,,
1032,DCV,03.0618,V,,,,,,,,
1033,DCV,03.0601,V,,,,,,,,
1034,DCV,03.0589,V,,,,,,,,
1035,DCV,03.0576,V,,,,,,,,
1036,DCV,03.0563,V,,,,,,,,
1037,DCV,03.0553,V,,,,,,,,
1038,DCV,03.0540,V,,,,,,,,
1039,DCV,03.0527,V,,,,,,,,
1040,DCV,03.0515,V,,,,,,,,
1041,DCV,03.0503,V,,,,,,,,
1042,DCV,03.0493,V,,,,,,,,
1043,DCV,03.0481,V,,,,,,,,
1044,DCV,03.0472,V,,,,,,,,
1045,DCV,03.0462,V,,,,,,,,
1046,DCV,03.0451,V,,,,,,,,
1047,DCV,03.0442,V,,,,,,,,
1048,DCV,03.0433,V,,,,,,,,
1049,DCV,03.0424,V,,,,,,,,
1050,DCV,03.0416,V,,,,,,,,
1051,DCV,03.0408,V,,,,,,,,
1052,DCV,03.0404,V,,,,,,,,
1053,DCV,03.0402,V,,,,,,,,
1054,DCV,03.0397,V,,,,,,,,
1055,DCV,03.0395,V,,,,,,,,
1056,DCV,03.0392,V,,,,,,,,
1057,DCV,03.0391,V,,,,,,,,
1058,DCV,03.0389,V,,,,,,,,
1059,DCV,03.0390,V,,,,,,,,
1060,DCV,03.0388,V,,,,,,,,
1061,DCV,03.0388,V,,,,,,,,
1062,DCV,03.0387,V,,,,,,,,
1063,DCV,03.0389,V,,,,,,,,
1064,DCV,03.0389,V,,,,,,,,
1065,DCV,03.0390,V,,,,,,,,
1066,DCV,03.0390,V,,,,,,,,
1067,DCV,03.0387,V,,,,,,,,
1068,DCV,03.0383,V,,,,,,,,
1069,DCV,03.0377,V,,,,,,,,
1070,DCV,03.0371,V,,,,,,,,
1071,DCV,03.0368,V,,,,,,,,
1072,DCV,03.0367,V,,,,,,,,
1073,DCV,03.0363,V,,,,,,,,
1074,DCV,03.0362,V,,,,,,,,
1075,DCV,03.0361,V,,,,,,,,
1076,DCV,03.0362,V,,,,,,,,
1077,DCV,03.0362,V,,,,,,,,
1078,DCV,03.0364,V,,,,,,,,
1079,DCV,03.0366,V,,,,,,,,
1080,DCV,03.0371,V,,,,,,,,
1081,DCV,03.0373,V,,,,,,,,
1082,DCV,03.0376,V,,,,,,,,
1083,DCV,03.0379,V,,,,,,,,
1084,DCV,03.0383,V,,,,,,,,
1085,DCV,03.0386,V,,,,,,,,
1086,DCV,03.0390,V,,,,,,,,
1087,DCV,03.0391,V,,,,,,,,
1088,DCV,03.0392,V,,,,,,,,
1089,DCV,03.0391,V,,,,,,,,
1090,DCV,03.0393,V,,,,,,,,
1091,DCV,03.0393,V,,,,,,,,
1092,DCV,03.0392,V,,,,,,,,
1093,DCV,03.0393,V,,,,,,,,
1094,DCV,03.0392,V,,,,,,,,
1095,DCV,03.0393,V,,,,,,,,
1096,DCV,03.0390,V,,,,,,,,
1097,DCV,03.0388,V,,,,,,,,
1098,DCV,03.0386,V,,,,,,,,
1099,DCV,03.0385,V,,,,,,,,
1100,DCV,03.0383,V,,,,,,,,
1101,DCV,03.0378,V,,,,,,,,
1102,DCV,03.0373,V,,,,,,,,
1103,DCV,03.0372,V,,,,,,,,
1104,DCV,03.0366,V,,,,,,,,
1105,DCV,03.0363,V,,,,,,,,
1106,DCV,03.0359,V,,,,,,,,
1107,DCV,03.0358,V,,,,,,,,
1108,DCV,03.0355,V,,,,,,,,
1109,DCV,03.0353,V,,,,,,,,
1110,DCV,03.0352,V,,,,,,,,
1111,DCV,03.0351,V,,,,,,,,
1112,DCV,03.0350,V,,,,,,,,
1113,DCV,03.0350,V,,,,,,,,
1114,DCV,03.0351,V,,,,,,,,
1115,DCV,03.0354,V,,,,,,,,
1116,DCV,03.0353,V,,,,,,,,
1117,DCV,03.0351,V,,,,,,,,
1118,DCV,03.0353,V,,,,,,,,
1119,DCV,03.0353,V,,,,,,,,
1120,DCV,03.0352,V,,,,,,,,
1121,DCV,03.0353,V,,,,,,,,
1122,DCV,03.0352,V,,,,,,,,
1123,DCV,03.0354,V,,,,,,,,
1124,DCV,03.0356,V,,,,,,,,
1125,DCV,03.0358,V,,,,,,,,
1126,DCV,03.0357,V,,,,,,,,
1127,DCV,03.0357,V,,,,,,,,
1128,DCV,03.0356,V,,,,,,,,
1129,DCV,03.0353,V,,,,,,,,
1130,DCV,03.0353,V,,,,,,,,
1131,DCV,03.0348,V,,,,,,,,
1132,DCV,03.0346,V,,,,,,,,
1133,DCV,03.0343,V,,,,,,,,
1134,DCV,03.0341,V,,,,,,,,
1135,DCV,03.0340,V,,,,,,,,
1136,DCV,03.0338,V,,,,,,,,
1137,DCV,03.0338,V,,,,,,,,
1138,DCV,03.0339,V,,,,,,,,
1139,DCV,03.0340,V,,,,,,,,
1140,DCV,03.0340,V,,,,,,,,
1141,DCV,03.0340,V,,,,,,,,
1142,DCV,03.0340,V,,,,,,,,
1143,DCV,03.0343,V,,,,,,,,
1144,DCV,03.0341,V,,,,,,,,
1145,DCV,03.0342,V,,,,,,,,
1146,DCV,03.0341,V,,,,,,,,
1147,DCV,03.0343,V,,,,,,,,
1148,DCV,03.0342,V,,,,,,,,
1149,DCV,03.0339,V,,,,,,,,
1150,DCV,03.0335,V,,,,,,,,
1151,DCV,03.0332,V,,,,,,,,
1152,DCV,03.0331,V,,,,,,,,
1153,DCV,03.0330,V,,,,,,,,
1154,DCV,03.0329,V,,,,,,,,
1155,DCV,03.0330,V,,,,,,,,
1156,DCV,03.0328,V,,,,,,,,
1157,DCV,03.0327,V,,,,,,,,
1158,DCV,03.0326,V,,,,,,,,
1159,DCV,03.0323,V,,,,,,,,
1160,DCV,03.0321,V,,,,,,,,
1161,DCV,03.0320,V,,,,,,,,
1162,DCV,03.0317,V,,,,,,,,
1163,DCV,03.0316,V,,,,,,,,
1164,DCV,03.0313,V,,,,,,,,
1165,DCV,03.0310,V,,,,,,,,
1166,DCV,03.0308,V,,,,,,,,
1167,DCV,03.0301,V,,,,,,,,
1168,DCV,03.0298,V,,,,,,,,
1169,DCV,03.0295,V,,,,,,,,
1170,DCV,03.0293,V,,,,,,,,
1171,DCV,03.0292,V,,,,,,,,
1172,DCV,03.0288,V,,,,,,,,
1173,DCV,03.0285,V,,,,,,,,
1174,DCV,03.0283,V,,,,,,,,
1175,DCV,03.0282,V,,,,,,,,
1176,DCV,03.0281,V,,,,,,,,
1177,DCV,03.0279,V,,,,,,,,
1178,DCV,03.0280,V,,,,,,,,
1179,DCV,03.0280,V,,,,,,,,
1180,DCV,03.0281,V,,,,,,,,
1181,DCV,03.0282,V,,,,,,,,
1182,DCV,03.0280,V,,,,,,,,
1183,DCV,03.0281,V,,,,,,,,
1184,DCV,03.0280,V,,,,,,,,
1185,DCV,03.0281,V,,,,,,,,
1186,DCV,03.0282,V,,,,,,,,
1187,DCV,03.0282,V,,,,,,,,
1188,DCV,03.0281,V,,,,,,,,
1189,DCV,03.0281,V,,,,,,,,
1190,DCV,03.0281,V,,,,,,,,
1191,DCV,03.0282,V,,,,,,,,
1192,DCV,03.0282,V,,,,,,,,
1193,DCV,03.0281,V,,,,,,,,
1194,DCV,03.0283,V,,,,,,,,
1195,DCV,03.0283,V,,,,,,,,
1196,DCV,03.0284,V,,,,,,,,
1197,DCV,03.0287,V,,,,,,,,
1198,DCV,03.0286,V,,,,,,,,
1199,DCV,03.0286,V,,,,,,,,
1200,DCV,03.0285,V,,,,,,,,
1201,DCV,03.0283,V,,,,,,,,
1202,DCV,03.0276,V,,,,,,,,
1203,DCV,03.0271,V,,,,,,,,
1204,DCV,03.0261,V,,,,,,,,
1205,DCV,03.0259,V,,,,,,,,
1206,DCV,03.0256,V,,,,,,,,
1207,DCV,03.0251,V,,,,,,,,
1208,DCV,03.0247,V,,,,,,,,
1209,DCV,03.0239,V,,,,,,,,
1210,DCV,03.0226,V,,,,,,,,
1211,DCV,03.0210,V,,,,,,,,
1212,DCV,03.0190,V,,,,,,,,
1213,DCV,03.0142,V,,,,,,,,
1214,DCV,03.0063,V,,,,,,,,
1215,DCV,02.9976,V,,,,,,,,
1216,DCV,02.9897,V,,,,,,,,
1217,DCV,02.9815,V,,,,,,,,
1218,DCV,02.9737,V,,,,,,,,
1219,DCV,02.9660,V,,,,,,,,
1220,DCV,02.9588,V,,,,,,,,
1221,DCV,02.9515,V,,,,,,,,
1222,DCV,02.9443,V,,,,,,,,
1223,DCV,02.9374,V,,,,,,,,
1224,DCV,02.9307,V,,,,,,,,
1225,DCV,02.9244,V,,,,,,,,
1226,DCV,02.9180,V,,,,,,,,
1227,DCV,02.9118,V,,,,,,,,
1228,DCV,02.9059,V,,,,,,,,
1229,DCV,02.9001,V,,,,,,,,
1230,DCV,02.8946,V,,,,,,,,
1231,DCV,02.8892,V,,,,,,,,
1232,DCV,02.8838,V,,,,,,,,
1233,DCV,02.8787,V,,,,,,,,
1234,DCV,02.8739,V,,,,,,,,
1235,DCV,02.8690,V,,,,,,,,
1236,DCV,02.8645,V,,,,,,,,
1237,DCV,02.8601,V,,,,,,,,
1238,DCV,02.8561,V,,,,,,,,
1239,DCV,02.8525,V,,,,,,,,
1240,DCV,02.8489,V,,,,,,,,
1241,DCV,02.8450,V,,,,,,,,
1242,DCV,02.8414,V,,,,,,,,
1243,DCV,02.8378,V,,,,,,,,
1244,DCV,02.8344,V,,,,,,,,
1245,DCV,02.8309,V,,,,,,,,
1246,DCV,02.8274,V,,,,,,,,
1247,DCV,02.8239,V,,,,,,,,
1248,DCV,02.8204,V,,,,,,,,
1249,DCV,02.8169,V,,,,,,,,
1250,DCV,02.8137,V,,,,,,,,
1251,DCV,02.8107,V,,,,,,,,
1252,DCV,02.8077,V,,,,,,,,
1253,DCV,02.8046,V,,,,,,,,
1254,DCV,02.8018,V,,,,,,,,
1255,DCV,02.7988,V,,,,,,,,
1256,DCV,02.7957,V,,,,,,,,
1257,DCV,02.7928,V,,,,,,,,
1258,DCV,02.7897,V,,,,,,,,
1259,DCV,02.7869,V,,,,,,,,
1260,DCV,02.7841,V,,,,,,,,
1261,DCV,02.7813,V,,,,,,,,
1262,DCV,02.7787,V,,,,,,,,
1263,DCV,02.7761,V,,,,,,,,
1264,DCV,02.7735,V,,,,,,,,
1265,DCV,02.7706,V,,,,,,,,
1266,DCV,02.7682,V,,,,,,,,
1267,DCV,02.7654,V,,,,,,,,
1268,DCV,02.7625,V,,,,,,,,
1269,DCV,02.7600,V,,,,,,,,
1270,DCV,02.7673,V,,,,,,,,
1271,DCV,02.7758,V,,,,,,,,
1272,DCV,02.7842,V,,,,,,,,
1273,DCV,02.7925,V,,,,,,,,
1274,DCV,02.8006,V,,,,,,,,
1275,DCV,02.8085,V,,,,,,,,
1276,DCV,02.8162,V,,,,,,,,
1277,DCV,02.8238,V,,,,,,,,
1278,DCV,02.8308,V,,,,,,,,
1279,DCV,02.8366,V,,,,,,,,
1280,DCV,02.8430,V,,,,,,,,
1281,DCV,02.8491,V,,,,,,,,
1282,DCV,02.8551,V,,,,,,,,
1283,DCV,02.8609,V,,,,,,,,
1284,DCV,02.8669,V,,,,,,,,
1285,DCV,02.8727,V,,,,,,,,
1286,DCV,02.8782,V,,,,,,,,
1287,DCV,02.8835,V,,,,,,,,
1288,DCV,02.8887,V,,,,,,,,
1289,DCV,02.8938,V,,,,,,,,
1290,DCV,02.8988,V,,,,,,,,
1291,DCV,02.9037,V,,,,,,,,
1292,DCV,02.9083,V,,,,,,,,
1293,DCV,02.9127,V,,,,,,,,
1294,DCV,02.9170,V,,,,,,,,
1295,DCV,02.9211,V,,,,,,,,
1296,DCV,02.9252,V,,,,,,,,
1297,DCV,02.9290,V,,,,,,,,
1298,DCV,02.9327,V,,,,,,,,
1299,DCV,02.9364,V,,,,,,,,
1300,DCV,02.9399,V,,,,,,,,
1301,DCV,02.9427,V,,,,,,,,
1302,DCV,02.9458,V,,,,,,,,
1303,DCV,02.9486,V,,,,,,,,
1304,DCV,02.9512,V,,,,,,,,
1305,DCV,02.9537,V,,,,,,,,
1306,DCV,02.9564,V,,,,,,,,
1307,DCV,02.9589,V,,,,,,,,
1308,DCV,02.9613,V,,,,,,,,
1309,DCV,02.9635,V,,,,,,,,
1310,DCV,02.9656,V,,,,,,,,
1311,DCV,02.9679,V,,,,,,,,
1312,DCV,02.9700,V,,,,,,,,
1313,DCV,02.9720,V,,,,,,,,
1314,DCV,02.9741,V,,,,,,,,
1315,DCV,02.9762,V,,,,,,,,
1316,DCV,02.9782,V,,,,,,,,
1317,DCV,02.9805,V,,,,,,,,
1318,DCV,02.9824,V,,,,,,,,
1319,DCV,02.9844,V,,,,,,,,
1320,DCV,02.9861,V,,,,,,,,
1321,DCV,02.9878,V,,,,,,,,
1322,DCV,02.9895,V,,,,,,,,
1323,DCV,02.9913,V,,,,,,,,
1324,DCV,02.9928,V,,,,,,,,
1325,DCV,02.9946,V,,,,,,,,
1326,DCV,02.9961,V,,,,,,,,
1327,DCV,02.9976,V,,,,,,,,
1328,DCV,02.9988,V,,,,,,,,
1329,DCV,03.0003,V,,,,,,,,
1330,DCV,03.0016,V,,,,,,,,
1331,DCV,03.0028,V,,,,,,,,
1332,DCV,03.0038,V,,,,,,,,
1333,DCV,03.0049,V,,,,,,,,
1334,DCV,03.0058,V,,,,,,,,
1335,DCV,03.0065,V,,,,,,,,
1336,DCV,03.0074,V,,,,,,,,
1337,DCV,03.0082,V,,,,,,,,
1338,DCV,03.0087,V,,,,,,,,
1339,DCV,03.0090,V,,,,,,,,
1340,DCV,03.0094,V,,,,,,,,
1341,DCV,03.0097,V,,,,,,,,
1342,DCV,03.0096,V,,,,,,,,
1343,DCV,03.0093,V,,,,,,,,
1344,DCV,03.0088,V,,,,,,,,
1345,DCV,03.0082,V,,,,,,,,
1346,DCV,03.0072,V,,,,,,,,
1347,DCV,03.0058,V,,,,,,,,
1348,DCV,03.0043,V,,,,,,,,
1349,DCV,03.0023,V,,,,,,,,
1350,DCV,02.9997,V,,,,,,,,
1351,DCV,02.9972,V,,,,,,,,
1352,DCV,02.9942,V,,,,,,,,
1353,DCV,02.9908,V,,,,,,,,
1354,DCV,02.9870,V,,,,,,,,
1355,DCV,02.9832,V,,,,,,,,
1356,DCV,02.9793,V,,,,,,,,
1357,DCV,02.9749,V,,,,,,,,
1358,DCV,02.9704,V,,,,,,,,
1359,DCV,02.9660,V,,,,,,,,
1360,DCV,02.9610,V,,,,,,,,
1361,DCV,02.9564,V,,,,,,,,
1362,DCV,02.9515,V,,,,,,,,
1363,DCV,02.9468,V,,,,,,,,
1364,DCV,02.9419,V,,,,,,,,
1365,DCV,02.9371,V,,,,,,,,
1366,DCV,02.9326,V,,,,,,,,
1367,DCV,02.9281,V,,,,,,,,
1368,DCV,02.9235,V,,,,,,,,
1369,DCV,02.9188,V,,,,,,,,
1370,DCV,02.9142,V,,,,,,,,
1371,DCV,02.9100,V,,,,,,,,
1372,DCV,02.9057,V,,,,,,,,
1373,DCV,02.9012,V,,,,,,,,
1374,DCV,02.8968,V,,,,,,,,
1375,DCV,02.8928,V,,,,,,,,
1376,DCV,02.8887,V,,,,,,,,
1377,DCV,02.8847,V,,,,,,,,
1378,DCV,02.8807,V,,,,,,,,
1379,DCV,02.8768,V,,,,,,,,
1380,DCV,02.8731,V,,,,,,,,
1381,DCV,02.8693,V,,,,,,,,
1382,DCV,02.8656,V,,,,,,,,
1383,DCV,02.8621,V,,,,,,,,
1384,DCV,02.8585,V,,,,,,,,
1385,DCV,02.8550,V,,,,,,,,
1386,DCV,02.8516,V,,,,,,,,
1387,DCV,02.8483,V,,,,,,,,
1388,DCV,02.8448,V,,,,,,,,
1389,DCV,02.8416,V,,,,,,,,
1390,DCV,02.8385,V,,,,,,,,
1391,DCV,02.8355,V,,,,,,,,
1392,DCV,02.8325,V,,,,,,,,
1393,DCV,02.8295,V,,,,,,,,
1394,DCV,02.8264,V,,,,,,,,
1395,DCV,02.8236,V,,,,,,,,
1396,DCV,02.8208,V,,,,,,,,
1397,DCV,02.8181,V,,,,,,,,
1398,DCV,02.8151,V,,,,,,,,
1399,DCV,02.8123,V,,,,,,,,
1400,DCV,02.8094,V,,,,,,,,
1401,DCV,02.8066,V,,,,,,,,
1402,DCV,02.8039,V,,,,,,,,
1403,DCV,02.8010,V,,,,,,,,
1404,DCV,02.7982,V,,,,,,,,
1405,DCV,02.7955,V,,,,,,,,
1406,DCV,02.7927,V,,,,,,,,
1407,DCV,02.7900,V,,,,,,,,
1408,DCV,02.7874,V,,,,,,,,
1409,DCV,02.7848,V,,,,,,,,
1410,DCV,02.7822,V,,,,,,,,
1411,DCV,02.7798,V,,,,,,,,
1412,DCV,02.7773,V,,,,,,,,
1413,DCV,02.7748,V,,,,,,,,
1414,DCV,02.7723,V,,,,,,,,
1415,DCV,02.7699,V,,,,,,,,
1416,DCV,02.7675,V,,,,,,,,
1417,DCV,02.7651,V,,,,,,,,
1418,DCV,02.7627,V,,,,,,,,
1419,DCV,02.7602,V,,,,,,,,
1420,DCV,02.7578,V,,,,,,,,
1421,DCV,02.7554,V,,,,,,,,
1422,DCV,02.7531,V,,,,,,,,
1423,DCV,02.7508,V,,,,,,,,
1424,DCV,02.7485,V,,,,,,,,
1425,DCV,02.7464,V,,,,,,,,
1426,DCV,02.7441,V,,,,,,,,
1427,DCV,02.7421,V,,,,,,,,
1428,DCV,02.7399,V,,,,,,,,
1429,DCV,02.7378,V,,,,,,,,
1430,DCV,02.7356,V,,,,,,,,
1431,DCV,02.7335,V,,,,,,,,
1432,DCV,02.7314,V,,,,,,,,
1433,DCV,02.7293,V,,,,,,,,
1434,DCV,02.7271,V,,,,,,,,
1435,DCV,02.7252,V,,,,,,,,
1436,DCV,02.7231,V,,,,,,,,
1437,DCV,02.7213,V,,,,,,,,
1438,DCV,02.7193,V,,,,,,,,
1439,DCV,02.7174,V,,,,,,,,
1440,DCV,02.7157,V,,,,,,,,
1441,DCV,02.7138,V,,,,,,,,
1442,DCV,02.7121,V,,,,,,,,
1443,DCV,02.7104,V,,,,,,,,
1444,DCV,02.7086,V,,,,,,,,
1445,DCV,02.7068,V,,,,,,,,
1446,DCV,02.7051,V,,,,,,,,
1447,DCV,02.7034,V,,,,,,,,
1448,DCV,02.7016,V,,,,,,,,
1449,DCV,02.7000,V,,,,,,,,
1450,DCV,02.6983,V,,,,,,,,
1451,DCV,02.6965,V,,,,,,,,
1452,DCV,02.6948,V,,,,,,,,
1453,DCV,02.6931,V,,,,,,,,
1454,DCV,02.6916,V,,,,,,,,
1455,DCV,02.6898,V,,,,,,,,
1456,DCV,02.6882,V,,,,,,,,
1457,DCV,02.6869,V,,,,,,,,
1458,DCV,02.6852,V,,,,,,,,
1459,DCV,02.6836,V,,,,,,,,
1460,DCV,02.6818,V,,,,,,,,
1461,DCV,02.6801,V,,,,,,,,
1462,DCV,02.6785,V,,,,,,,,
1463,DCV,02.6769,V,,,,,,,,
1464,DCV,02.6754,V,,,,,,,,
1465,DCV,02.6738,V,,,,,,,,
1466,DCV,02.6722,V,,,,,,,,
1467,DCV,02.6706,V,,,,,,,,
1468,DCV,02.6691,V,,,,,,,,
1469,DCV,02.6675,V,,,,,,,,
1470,DCV,02.6660,V,,,,,,,,
1471,DCV,02.6645,V,,,,,,,,
1472,DCV,02.6630,V,,,,,,,,
1473,DCV,02.6616,V,,,,,,,,
1474,DCV,02.6600,V,,,,,,,,
1475,DCV,02.6586,V,,,,,,,,
1476,DCV,02.6571,V,,,,,,,,
1477,DCV,02.6556,V,,,,,,,,
1478,DCV,02.6542,V,,,,,,,,
1479,DCV,02.6527,V,,,,,,,,
1480,DCV,02.6514,V,,,,,,,,
1481,DCV,02.6498,V,,,,,,,,
1482,DCV,02.6484,V,,,,,,,,
1483,DCV,02.6468,V,,,,,,,,
1484,DCV,02.6455,V,,,,,,,,
1485,DCV,02.6443,V,,,,,,,,
1486,DCV,02.6430,V,,,,,,,,
1487,DCV,02.6417,V,,,,,,,,
1488,DCV,02.6403,V,,,,,,,,
1489,DCV,02.6390,V,,,,,,,,
1490,DCV,02.6376,V,,,,,,,,
1491,DCV,02.6363,V,,,,,,,,
1492,DCV,02.6351,V,,,,,,,,
1493,DCV,02.6336,V,,,,,,,,
1494,DCV,02.6323,V,,,,,,,,
1495,DCV,02.6309,V,,,,,,,,
1496,DCV,02.6298,V,,,,,,,,
1497,DCV,02.6286,V,,,,,,,,
1498,DCV,02.6275,V,,,,,,,,
1499,DCV,02.6262,V,,,,,,,,
1500,DCV,02.6251,V,,,,,,,,
1501,DCV,02.6241,V,,,,,,,,
1502,DCV,02.6229,V,,,,,,,,
1503,DCV,02.6218,V,,,,,,,,
1504,DCV,02.6209,V,,,,,,,,
1505,DCV,02.6195,V,,,,,,,,
1506,DCV,02.6185,V,,,,,,,,
1507,DCV,02.6173,V,,,,,,,,
1508,DCV,02.6163,V,,,,,,,,
1509,DCV,02.6152,V,,,,,,,,
1510,DCV,02.6140,V,,,,,,,,
1511,DCV,02.6128,V,,,,,,,,
1512,DCV,02.6117,V,,,,,,,,
1513,DCV,02.6106,V,,,,,,,,
1514,DCV,02.6093,V,,,,,,,,
1515,DCV,02.6084,V,,,,,,,,
1516,DCV,02.6072,V,,,,,,,,
1517,DCV,02.6062,V,,,,,,,,
1518,DCV,02.6051,V,,,,,,,,
1519,DCV,02.6041,V,,,,,,,,
1520,DCV,02.6029,V,,,,,,,,
1521,DCV,02.6018,V,,,,,,,,
1522,DCV,02.6007,V,,,,,,,,
1523,DCV,02.5998,V,,,,,,,,
1524,DCV,02.5985,V,,,,,,,,
1525,DCV,02.5974,V,,,,,,,,
1526,DCV,02.5965,V,,,,,,,,
1527,DCV,02.5952,V,,,,,,,,
1528,DCV,02.5944,V,,,,,,,,
1529,DCV,02.5933,V,,,,,,,,
1530,DCV,02.5923,V,,,,,,,,
1531,DCV,02.5914,V,,,,,,,,
1532,DCV,02.5904,V,,,,,,,,
1533,DCV,02.5896,V,,,,,,,,
1534,DCV,02.5885,V,,,,,,,,
1535,DCV,02.5875,V,,,,,,,,
1536,DCV,02.5866,V,,,,,,,,
1537,DCV,02.5857,V,,,,,,,,
1538,DCV,02.5849,V,,,,,,,,
1539,DCV,02.5837,V,,,,,,,,
1540,DCV,02.5827,V,,,,,,,,
1541,DCV,02.5817,V,,,,,,,,
1542,DCV,02.5806,V,,,,,,,,
1543,DCV,02.5796,V,,,,,,,,
1544,DCV,02.5787,V,,,,,,,,
1545,DCV,02.5776,V,,,,,,,,
1546,DCV,02.5769,V,,,,,,,,
1547,DCV,02.5760,V,,,,,,,,
1548,DCV,02.5751,V,,,,,,,,
1549,DCV,02.5744,V,,,,,,,,
1550,DCV,02.5735,V,,,,,,,,
1551,DCV,02.5727,V,,,,,,,,
1552,DCV,02.5718,V,,,,,,,,
1553,DCV,02.5710,V,,,,,,,,
1554,DCV,02.5699,V,,,,,,,,
1555,DCV,02.5693,V,,,,,,,,
1556,DCV,02.5685,V,,,,,,,,
1557,DCV,02.5676,V,,,,,,,,
1558,DCV,02.5669,V,,,,,,,,
1559,DCV,02.5661,V,,,,,,,,
1560,DCV,02.5652,V,,,,,,,,
1561,DCV,02.5645,V,,,,,,,,
1562,DCV,02.5638,V,,,,,,,,
1563,DCV,02.5633,V,,,,,,,,
1564,DCV,02.5625,V,,,,,,,,
1565,DCV,02.5617,V,,,,,,,,
1566,DCV,02.5611,V,,,,,,,,
1567,DCV,02.5602,V,,,,,,,,
1568,DCV,02.5596,V,,,,,,,,
1569,DCV,02.5586,V,,,,,,,,
1570,DCV,02.5580,V,,,,,,,,
1571,DCV,02.5573,V,,,,,,,,
1572,DCV,02.5566,V,,,,,,,,
1573,DCV,02.5559,V,,,,,,,,
1574,DCV,02.5552,V,,,,,,,,
1575,DCV,02.5545,V,,,,,,,,
1576,DCV,02.5539,V,,,,,,,,
1577,DCV,02.5534,V,,,,,,,,
1578,DCV,02.5527,V,,,,,,,,
1579,DCV,02.5521,V,,,,,,,,
1580,DCV,02.5514,V,,,,,,,,
1581,DCV,02.5508,V,,,,,,,,
1582,DCV,02.5501,V,,,,,,,,
1583,DCV,02.5494,V,,,,,,,,
1584,DCV,02.5486,V,,,,,,,,
1585,DCV,02.5479,V,,,,,,,,
1586,DCV,02.5472,V,,,,,,,,
1587,DCV,02.5465,V,,,,,,,,
1588,DCV,02.5459,V,,,,,,,,
1589,DCV,02.5453,V,,,,,,,,
1590,DCV,02.5447,V,,,,,,,,
1591,DCV,02.5440,V,,,,,,,,
1592,DCV,02.5435,V,,,,,,,,
1593,DCV,02.5429,V,,,,,,,,
1594,DCV,02.5424,V,,,,,,,,
1595,DCV,02.5418,V,,,,,,,,
1596,DCV,02.5415,V,,,,,,,,
1597,DCV,02.5411,V,,,,,,,,
1598,DCV,02.5408,V,,,,,,,,
1599,DCV,02.5403,V,,,,,,,,
1600,DCV,02.5404,V,,,,,,,,
1601,DCV,02.5404,V,,,,,,,,
1602,DCV,02.5408,V,,,,,,,,
1603,DCV,02.5412,V,,,,,,,,
1604,DCV,02.5419,V,,,,,,,,
1605,DCV,02.5430,V,,,,,,,,
1606,DCV,02.5444,V,,,,,,,,
1607,DCV,02.5462,V,,,,,,,,
1608,DCV,02.5483,V,,,,,,,,
1609,DCV,02.5509,V,,,,,,,,
1610,DCV,02.5538,V,,,,,,,,
1611,DCV,02.5571,V,,,,,,,,
1612,DCV,02.5610,V,,,,,,,,
1613,DCV,02.5652,V,,,,,,,,
1614,DCV,02.5697,V,,,,,,,,
1615,DCV,02.5748,V,,,,,,,,
1616,DCV,02.5802,V,,,,,,,,
1617,DCV,02.5861,V,,,,,,,,
1618,DCV,02.5923,V,,,,,,,,
1619,DCV,02.5987,V,,,,,,,,
1620,DCV,02.6056,V,,,,,,,,
1621,DCV,02.6128,V,,,,,,,,
1622,DCV,02.6199,V,,,,,,,,
1623,DCV,02.6272,V,,,,,,,,
1624,DCV,02.6343,V,,,,,,,,
1625,DCV,02.6413,V,,,,,,,,
1626,DCV,02.6483,V,,,,,,,,
1627,DCV,02.6552,V,,,,,,,,
1628,DCV,02.6620,V,,,,,,,,
1629,DCV,02.6685,V,,,,,,,,
1630,DCV,02.6750,V,,,,,,,,
1631,DCV,02.6815,V,,,,,,,,
1632,DCV,02.6880,V,,,,,,,,
1633,DCV,02.6940,V,,,,,,,,
1634,DCV,00.0372,V,,,,,,,,
MAX,972,DCV,03.2265,V,
MIN,1634,DCV,00.0372,V,
